order_id,customer_id,product_id,jumlah,harga_satuan,status,waktu_beli,waktu_masuk
T00001,C008,P18,1,195000,KIRIM,2026-03-02 09:59:56,2026-03-02 10:00:50
T00002,C051,P19,2,66750,kirim,2026-03-02 15:58:36,2026-03-02 15:58:50
T00003,C075,P18,1,195000,BAYAR ,2026-03-02 12:54:21,2026-03-02 12:54:59
T00004,C088,P02,1,78000,Bayar,2026-03-02 15:50:16,2026-03-02 15:50:57
T00005,C088,P17,2,156750,Batal,2026-03-02 10:17:18,2026-03-02 10:46:59
T00006,C065,P15,2,245000, kirim ,2026-03-02 08:01:46,2026-03-02 08:31:42
T00007,C100,P20,3,430000, Bayar,2026-03-02 09:48:37,2026-03-02 09:49:26
T00008,C008,P12,1,1250000,bayar,2026-03-02 15:59:53,2026-03-02 16:57:25
T00009,C071,P18,1,165750,BAYAR ,2026-03-02 14:58:14,2026-03-02 14:58:57
T00010,C057,P07,2,198750,kirim,2026-03-02 14:29:21,2026-03-02 14:30:04
T00011,C010,P01,2,32000,BAYAR ,2026-03-02 13:21:17,2026-03-02 13:21:55
T00012,C028,P11,1,540000,kirim,2026-03-02 08:38:41,2026-03-02 08:38:59
T00013,C053,P07,1,265000,bayar,2026-03-02 08:51:30,2026-03-02 08:51:58
T00014,C055,P04,1,15750,BAYAR ,2026-03-02 10:15:47,2026-03-02 10:16:22
T00015,C012,P18,3,195000,kirim,2026-03-02 08:53:28,2026-03-02 08:54:03
T00016,C034,P13,3,288750,Batal,2026-03-02 08:32:01,2026-03-02 08:32:02
T00017,C028,P18,3,195000, Bayar,2026-03-02 14:01:28,2026-03-02 14:01:38
T00018,C011,P17,2,165000,batal,2026-03-02 15:45:41,2026-03-02 15:45:45
T00019,C011,P04,1,18900, Bayar,2026-03-02 13:11:07,2026-03-02 13:11:46
T00020,C059,P08,1,549000,kirim,2026-03-02 10:25:03,2026-03-02 10:25:46
T00021,C045,P04,2,21000, Bayar,2026-03-02 08:40:00,2026-03-02 08:40:33
T00022,C002,P18,1,185250, kirim ,2026-03-02 14:24:13,2026-03-02 14:25:05
T00023,C035,P09,1,320000, Bayar,2026-03-02 09:03:02,2026-03-02 09:16:42
T00024,,P09,1,304000,bayar,2026-03-02 12:36:01,2026-03-02 12:36:56
T00025,C072,P09,1,320000, kirim ,2026-03-02 09:28:14,2026-03-02 09:28:50
T00026,C040,P12,1,1250000, Bayar,2026-03-02 13:18:07,2026-03-02 13:18:35
T00027,C096,P04,1,21000,batal,2026-03-02 11:13:09,2026-03-02 11:13:36
T00028,C053,P14,2,310000,KIRIM,2026-03-02 08:13:32,2026-03-02 08:13:54
T00029,,P13,1,385000,BAYAR ,2026-03-02 15:56:19,2026-03-02 15:56:50
T00030,C083,P09,1,288000,bayar,2026-03-02 15:52:03,2026-03-02 15:52:53
T00031,C077,P06,1,170100,Bayar,2026-03-02 13:17:04,2026-03-02 13:36:35
T00032,C001,P13,1,385000,KIRIM,2026-03-02 13:14:53,2026-03-02 13:14:56
T00033,C039,P11,1,612000, Bayar,2026-03-02 13:40:19,2026-03-02 13:41:14
T00034,C023,P05,1,71250,KIRIM,2026-03-02 09:44:46,2026-03-02 09:45:11
T00034,C023,P05,1,71250,KIRIM,2026-03-02 09:44:46,2026-03-02 09:45:11
T00035,C042,P10,1,213750,BAYAR ,2026-03-02 09:54:47,2026-03-02 09:55:25
T00036,C080,P06,1,189000, kirim ,2026-03-02 13:59:49,2026-03-02 14:00:22
T00037,C099,P05,1,63750,BAYAR ,2026-03-02 08:13:20,2026-03-02 08:13:51
T00038,C097,P13,2,385000,Bayar,2026-03-02 10:13:14,2026-03-02 10:13:59
T00039,C016,P17,1,123750,Batal,2026-03-02 12:13:42,2026-03-02 12:13:58
T00040,C071,P20,1,430000,Bayar,2026-03-02 15:25:06,2026-03-02 15:25:39
T00041,C036,P09,1,304000,kirim,2026-03-02 14:58:14,2026-03-02 14:58:46
T00042,C020,P18,2,195000,Bayar,2026-03-02 08:44:00,2026-03-02 08:44:15
T00043,C099,P14,1,310000,Bayar,2026-03-02 08:34:00,2026-03-02 08:34:27
T00044,C096,P10,2,285000,Bayar,2026-03-02 14:51:29,2026-03-02 14:52:23
T00045,C093,P01,1,24000,kirim,2026-03-02 11:32:22,2026-03-02 11:33:06
T00046,C055,P13,1,288750,BAYAR ,2026-03-02 13:23:15,2026-03-02 13:23:17
T00047,C036,P07,2,225250,KIRIM,2026-03-02 12:08:19,2026-03-02 12:09:08
T00048,C009,P18,2,195000,bayar,2026-03-02 08:28:26,2026-03-02 09:10:22
T00049,C015,P01,1,32000,Bayar,2026-03-02 13:39:19,2026-03-02 13:39:28
T00050,C100,P06,2,179550,kirim,2026-03-02 13:30:53,2026-03-02 13:31:41
T00051,C092,P19,1,89000,bayar,2026-03-02 14:09:55,2026-03-02 14:17:19
T00052,C045,P20,1,387000,kirim,2026-03-02 15:19:55,2026-03-02 15:20:32
T00053,C082,P14,2,232500,batal,2026-03-02 15:29:06,2026-03-02 15:29:34
T00054,C060,P09,1,304000,KIRIM,2026-03-02 13:36:22,2026-03-02 13:36:57
T00055,C073,P99,1,32300,KIRIM,2026-03-02 10:32:19,2026-03-02 10:37:28
T00056,C077,P07,2,251750,bayar,2026-03-02 11:13:46,2026-03-02 11:14:08
T00057,C089,P08,1,411750,KIRIM,2026-03-02 14:33:15,2026-03-02 14:33:51
T00058,C048,P08,1,494100,KIRIM,2026-03-02 11:40:51,2026-03-02 11:41:11
T00059,C016,P12,2,1125000,bayar,2026-03-02 14:23:51,2026-03-02 14:24:11
T00060,C076,P06,3,179550,bayar,2026-03-02 09:44:36,2026-03-02 09:45:07
T00061,C036,P12,1,1250000, Bayar,2026-03-02 09:37:59,2026-03-02 09:38:45
T00062,C062,P16,1,125000,bayar,2026-03-02 08:56:01,2026-03-02 09:06:48
T00063,C081,P04,1,21000,BAYAR ,2026-03-02 15:28:59,2026-03-02 15:29:31
T00064,C077,P03,2,38000,Bayar,2026-03-02 10:15:32,2026-03-02 10:16:21
T00065,C095,P19,1,89000,BAYAR ,2026-03-02 11:54:11,2026-03-02 11:54:51
T00066,C058,P99,1,411750, Bayar,2026-03-02 09:34:55,2026-03-02 09:35:06
T00067,C081,P15,1,245000,KIRIM,2026-03-02 08:38:52,2026-03-02 08:39:09
T00068,C040,P05,1,71250,Bayar,2026-03-02 10:25:04,2026-03-02 10:25:09
T00069,C077,P13,1,327250, Bayar,2026-03-02 10:28:40,2026-03-02 10:29:12
T00069,C077,P13,1,327250, Bayar,2026-03-02 10:28:40,2026-03-02 10:29:12
T00070,C003,P08,3,521550,bayar,2026-03-02 14:08:15,2026-03-02 14:08:52
T00071,C075,P17,1,123750,bayar,2026-03-02 13:55:48,2026-03-02 13:56:06
T00072,C089,P11,1,612000,bayar,2026-03-02 14:05:58,2026-03-02 14:06:09
T00073,C001,P11,1,540000,KIRIM,2026-03-02 09:03:18,2026-03-02 09:25:11
T00074,C027,P20,1,430000,KIRIM,2026-03-02 14:53:07,2026-03-02 14:53:36
T00075,C091,P04,1,21000, kirim ,2026-03-02 08:15:45,2026-03-02 08:41:08
T00076,C064,P04,3,19950, kirim ,2026-03-02 12:12:00,2026-03-02 12:38:03
T00077,C025,P16,3,125000,bayar,2026-03-02 12:17:53,2026-03-02 12:18:29
T00078,C001,P14,1,294500,Bayar,2026-03-02 11:05:37,2026-03-02 11:29:16
T00079,C059,P16,3,125000,BAYAR ,2026-03-02 11:08:29,2026-03-02 11:09:18
T00080,C049,P14,1,310000,KIRIM,2026-03-02 08:23:50,2026-03-02 08:24:21
T00081,C059,P19,1,89000,Bayar,2026-03-02 11:01:18,2026-03-02 11:09:48
T00082,C089,P03,1,38000, Bayar,2026-03-02 12:16:24,2026-03-02 12:16:41
T00083,C070,P13,1,385000,BAYAR ,2026-03-02 10:52:56,2026-03-02 10:53:45
T00084,C091,P08,2,411750,kirim,2026-03-02 14:47:50,2026-03-02 14:47:57
T00085,C056,P02,1,66300,BAYAR ,2026-03-02 10:57:09,2026-03-02 10:57:28
T00086,C019,P13,1,365750,Batal,2026-03-02 13:38:26,2026-03-02 13:38:58
T00086,C019,P13,1,365750,Batal,2026-03-02 13:38:26,2026-03-02 13:38:58
T00087,C045,P15,3,232750,Bayar,2026-03-02 10:37:05,2026-03-02 10:37:16
T00088,C031,P10,1,256500, Bayar,2026-03-02 09:48:47,2026-03-02 10:47:54
T00089,C007,P13,2,288750,KIRIM,2026-03-02 10:29:54,2026-03-02 10:30:38
T00090,C097,P12,2,1250000,bayar,2026-03-02 09:59:36,2026-03-02 10:00:16
T00091,C017,P10,1,270750, Bayar,2026-03-02 15:10:41,2026-03-02 15:11:19
T00092,C035,P05,2,71250,Bayar,2026-03-02 15:09:32,2026-03-02 15:09:56
T00093,C029,P11,2,612000, Bayar,2026-03-02 15:19:13,2026-03-02 15:19:18
T00094,C087,P09,1,272000, kirim ,2026-03-02 12:53:02,2026-03-02 12:53:26
T00095,C079,P08,1,549000,Bayar,2026-03-02 12:17:29,2026-03-02 12:18:05
T00096,C064,P14,1,310000,BAYAR ,2026-03-02 09:03:43,2026-03-02 09:03:46
T00097,C054,P18,1,146250,Bayar,2026-03-02 11:48:53,2026-03-02 11:49:40
T00098,C013,P12,3,1125000, kirim ,2026-03-02 09:58:39,2026-03-02 09:58:55
T00099,C059,P02,1,78000,batal,2026-03-02 11:37:26,2026-03-02 11:37:34
T00100,C071,P05,1,75000,kirim,2026-03-02 15:09:47,2026-03-02 15:09:52
T00101,C070,P20,1,430000,batal,2026-03-02 08:01:32,2026-03-02 08:01:42
T00101,C070,P20,1,430000,batal,2026-03-02 08:01:32,2026-03-02 08:01:42
T00102,C003,P01,1,32000,BAYAR ,2026-03-02 11:15:38,2026-03-02 11:15:54
T00103,C014,P03,1,38000,bayar,2026-03-02 12:20:05,2026-03-02 12:20:29
T00104,C062,P17,2,140250,bayar,2026-03-02 10:44:43,2026-03-02 10:44:45
T00105,C036,P03,1,34200,Bayar,2026-03-02 08:44:07,2026-03-02 08:44:17
T00106,C015,P15,2,245000,KIRIM,2026-03-02 12:36:05,2026-03-02 12:36:12
T00107,C041,P11,1,684000,KIRIM,2026-03-02 15:31:52,2026-03-02 15:32:19
T00108,C013,P16,2,112500,BAYAR ,2026-03-02 08:36:39,2026-03-02 08:36:45
T00109,C086,P18,3,165750,bayar,2026-03-02 13:06:45,2026-03-02 13:06:53
T00110,C062,P12,1,1250000, Bayar,2026-03-02 08:56:34,2026-03-02 08:56:48
T00111,C099,P09,2,320000, kirim ,2026-03-02 13:13:32,2026-03-02 13:14:00
T00112,C044,P09,1,320000,kirim,2026-03-02 08:15:48,2026-03-02 08:16:33
T00113,C068,P05,1,63750,Bayar,2026-03-02 14:44:40,2026-03-02 14:44:42
T00114,C007,P11,1,720000,bayar,2026-03-02 15:04:15,2026-03-02 15:29:25
T00115,C066,P16,1,106250,bayar,2026-03-02 13:31:32,2026-03-02 13:31:50
T00116,C077,P16,1,125000, Bayar,2026-03-02 12:47:46,2026-03-02 12:47:49
T00117,C056,P09,1,272000,BAYAR ,2026-03-02 10:38:04,2026-03-02 10:38:05
T00118,C003,P12,1,1250000, Bayar,2026-03-02 08:39:21,2026-03-02 08:40:09
T00119,C022,P14,2,232500,Batal,2026-03-02 10:38:06,2026-03-02 10:38:08
T00120,C040,P08,2,549000, Bayar,2026-03-02 11:57:56,2026-03-02 11:58:30
T00121,C094,P04,3,21000,BAYAR ,2026-03-02 12:49:46,2026-03-02 12:50:36
T00122,C023,P06,3,141750,KIRIM,2026-03-02 13:28:59,2026-03-02 13:29:48
T00123,C080,P15,1,220500,kirim,2026-03-02 14:11:59,2026-03-02 14:22:37
T00124,C010,P10,1,213750,bayar,2026-03-02 15:14:54,2026-03-02 15:14:58
T00125,C065,P03,1,38000,Bayar,2026-03-02 13:52:04,2026-03-02 13:54:36
T00126,C008,P07,1,238500,bayar,2026-03-02 10:55:35,2026-03-02 10:56:08
T00127,C079,P08,1,494100, Bayar,2026-03-02 14:26:27,2026-03-02 14:26:56
T00128,C043,P20,1,365500, Bayar,2026-03-02 08:28:35,2026-03-02 08:29:17
T00129,C019,P20,2,408500,Bayar,2026-03-02 15:56:55,2026-03-02 15:57:01
T00130,C017,P03,1,38000, kirim ,2026-03-02 10:49:04,2026-03-02 10:49:46
T00131,C099,P01,1,32000,BAYAR ,2026-03-02 11:18:01,2026-03-02 11:18:15
T00132,C068,P04,1,18900, kirim ,2026-03-02 12:37:15,2026-03-02 12:38:09
T00133,C022,P06,2,189000,KIRIM,2026-03-02 09:38:45,2026-03-02 09:39:35
T00134,C030,P15,1,232750,KIRIM,2026-03-02 13:33:27,2026-03-02 13:34:15
T00135,C065,P19,1,89000,kirim,2026-03-02 12:00:37,2026-03-02 12:00:56
T00136,C014,P09,2,320000, Bayar,2026-03-02 08:28:29,2026-03-02 08:28:53
T00137,C029,P15,2,220500,bayar,2026-03-02 12:40:21,2026-03-02 12:40:49
T00138,C004,P12,1,1250000, Bayar,2026-03-02 10:08:45,2026-03-02 10:08:51
T00139,,P10,1,285000,bayar,2026-03-02 15:33:09,2026-03-02 15:34:03
T00140,C037,P18,1,195000,bayar,2026-03-02 14:37:10,2026-03-02 14:37:38
T00141,C077,P20,1,430000,batal,2026-03-02 12:09:38,2026-03-02 12:10:32
T00141,C077,P20,1,430000,batal,2026-03-02 12:09:38,2026-03-02 12:10:32
T00142,C011,P12,1,1125000,kirim,2026-03-02 10:11:22,2026-03-02 10:11:34
T00143,C050,P17,3,156750,bayar,2026-03-02 13:02:38,2026-03-02 13:03:09
T00144,C095,P08,2,549000,kirim,2026-03-02 14:40:17,2026-03-02 14:40:24
T00145,C062,P06,1,189000,batal,2026-03-02 15:33:30,2026-03-02 15:34:00
T00146,C006,P02,1,74100,Bayar,2026-03-02 10:40:15,2026-03-02 10:41:06
T00147,C100,P09,1,288000, Bayar,2026-03-02 08:19:59,2026-03-02 08:20:12
T00148,C024,P13,1,288750, Bayar,2026-03-02 14:45:56,2026-03-02 14:46:21
T00149,C024,P03,1,34200,bayar,2026-03-02 14:37:05,2026-03-02 14:37:33
T00150,C057,P10,1,285000, Bayar,2026-03-02 12:03:31,2026-03-02 12:03:59
T00151,C096,P02,1,78000,BAYAR ,2026-03-02 08:40:58,2026-03-02 08:41:24
T00152,C047,P15,1,245000, kirim ,2026-03-02 08:19:00,2026-03-02 08:19:16
T00153,C068,P12,1,1125000, Bayar,2026-03-02 11:23:10,2026-03-02 11:23:15
T00154,C100,P06,1,141750,BAYAR ,2026-03-02 12:32:32,2026-03-02 12:33:08
T00155,C023,P16,2,93750,bayar,2026-03-02 09:49:19,2026-03-02 09:50:14
T00156,C038,P11,2,720000,BAYAR ,2026-03-02 14:04:43,2026-03-02 14:04:48
T00157,C004,P04,1,18900,KIRIM,2026-03-02 09:49:45,2026-03-02 09:50:01
T00158,C093,P20,1,365500,Batal,2026-03-02 08:47:05,2026-03-02 08:47:31
T00159,C045,P11,1,720000,kirim,2026-03-02 13:50:48,2026-03-02 13:51:18
T00160,C021,P02,1,78000, Bayar,2026-03-02 15:34:03,2026-03-02 15:34:13
T00161,C071,P10,1,270750, kirim ,2026-03-02 15:41:59,2026-03-02 15:42:12
T00162,C080,P06,2,170100,bayar,2026-03-02 13:23:12,2026-03-02 13:40:49
T00162,C080,P06,2,170100,bayar,2026-03-02 13:23:12,2026-03-02 13:40:49
T00163,C099,P02,1,78000,KIRIM,2026-03-02 13:50:19,2026-03-02 13:50:36
T00164,C039,P10,1,285000,kirim,2026-03-02 12:23:45,2026-03-02 12:24:37
T00165,C041,P07,2,238500,KIRIM,2026-03-02 11:05:47,2026-03-02 11:06:08
T00166,C058,P18,1,195000,bayar,2026-03-02 08:57:59,2026-03-02 08:58:29
T00167,C074,P20,2,430000,kirim,2026-03-02 11:48:21,2026-03-02 11:48:32
T00168,C065,P16,1,125000,batal,2026-03-02 10:48:30,2026-03-02 10:48:36
T00169,C061,P10,1,285000,kirim,2026-03-02 12:30:16,2026-03-02 12:31:10
T00170,C073,P12,1,1125000, Bayar,2026-03-02 14:57:10,2026-03-02 14:57:13
T00171,C016,P18,1,195000,KIRIM,2026-03-02 10:32:45,2026-03-02 10:33:25
T00172,C052,P18,1,195000,bayar,2026-03-02 11:19:40,2026-03-02 11:19:53
T00173,C018,P16,1,112500,batal,2026-03-02 12:43:37,2026-03-02 12:44:16
T00174,C063,P10,2,270750,Bayar,2026-03-02 13:24:15,2026-03-02 13:25:09
T00175,C089,P04,1,15750,Batal,2026-03-02 11:47:29,2026-03-02 11:48:20
T00176,C022,P19,1,75650,BAYAR ,2026-03-02 13:15:27,2026-03-02 13:15:31
T00177,C054,P19,1,89000,Bayar,2026-03-02 14:22:34,2026-03-02 14:22:36
T00178,C018,P16,1,112500,Bayar,2026-03-02 15:56:40,2026-03-02 15:57:27
T00179,C087,P06,2,179550,Bayar,2026-03-02 12:11:02,2026-03-02 12:17:52
T00180,C091,P18,1,146250,KIRIM,2026-03-02 10:43:01,2026-03-02 10:43:21
T00181,C051,P09,2,320000, Bayar,2026-03-02 10:37:10,2026-03-02 10:37:54
T00182,C062,P03,1,36100, Bayar,2026-03-02 11:09:09,2026-03-02 11:21:20
T00183,C029,P19,1,89000,batal,2026-03-02 10:10:40,2026-03-02 10:11:23
T00184,C021,P04,1,15750,Batal,2026-03-02 14:12:01,2026-03-02 14:12:02
T00185,C012,P10,1,285000,batal,2026-03-02 10:55:24,2026-03-02 10:55:28
T00186,C024,P06,0,179550,kirim,2026-03-02 08:19:50,2026-03-02 09:03:23
T00187,C064,P11,2,720000,Bayar,2026-03-02 10:35:24,2026-03-02 10:36:06
T00188,C024,P11,1,648000, Bayar,2026-03-02 09:28:44,2026-03-02 09:29:26
T00189,C066,P06,1,160650, kirim ,2026-03-02 13:33:39,2026-03-02 13:41:34
T00190,C031,P16,1,118750, Bayar,2026-03-02 10:56:43,2026-03-02 11:11:49
T00191,C086,P01,1,30400,BAYAR ,2026-03-02 10:22:50,2026-03-02 10:23:35
T00192,C029,P10,1,285000,Bayar,2026-03-02 14:16:59,2026-03-02 14:17:18
T00193,C097,P20,1,430000,batal,2026-03-02 11:24:02,2026-03-02 11:24:38
T00194,C073,P03,1,38000,BAYAR ,2026-03-02 12:46:59,2026-03-02 12:47:45
T00195,C012,P15,2,183750,bayar,2026-03-02 09:03:28,2026-03-02 09:04:14
T00196,C040,P15,2,208250,KIRIM,2026-03-02 13:07:58,2026-03-02 13:08:28
T00197,C070,P19,3,89000,pending,2026-03-02 08:39:53,2026-03-02 08:40:16
T00198,C054,P05,1,63750,KIRIM,2026-03-02 14:58:14,2026-03-02 14:59:01
T00199,C018,P13,1,346500,kirim,2026-03-02 08:43:49,2026-03-02 08:44:32
T00200,C097,P17,1,156750,KIRIM,2026-03-02 09:09:32,2026-03-02 09:09:47
T00201,C020,P18,1,195000,bayar,2026-03-02 11:27:08,2026-03-02 11:27:24
T00202,C058,P01,1,32000,BAYAR ,2026-03-02 10:11:26,2026-03-02 10:11:33
T00203,C065,P08,3,549000, Bayar,2026-03-02 12:54:46,2026-03-02 12:55:36
T00204,C067,P11,1,684000,Batal,2026-03-02 10:09:22,2026-03-02 10:09:32
T00205,C045,P06,3,160650, Bayar,2026-03-02 13:41:52,2026-03-02 13:42:28
T00206,C029,P10,1,285000,Bayar,2026-03-02 11:25:35,2026-03-02 11:26:10
T00207,C027,P14,1,310000,Bayar,2026-03-02 13:04:21,2026-03-02 13:04:46
T00208,C006,P07,2,265000,BAYAR ,2026-03-02 08:28:08,2026-03-02 08:28:52
T00209,C025,P11,3,720000,Bayar,2026-03-02 10:45:34,2026-03-02 11:00:49
T00210,C037,P07,1,238500, Bayar,2026-03-02 11:36:36,2026-03-02 11:47:01
T00211,C041,P16,2,112500, Bayar,2026-03-02 12:14:30,2026-03-02 12:15:17
T00212,C075,P08,1,466650, Bayar,2026-03-02 14:44:49,2026-03-02 14:45:06
T00213,C088,P13,1,288750,Bayar,2026-03-02 13:11:10,2026-03-02 13:11:42
T00214,C070,P12,3,1250000,bayar,2026-03-02 09:32:26,2026-03-02 09:33:01
T00215,C030,P02,1,78000,kirim,2026-03-02 14:57:25,2026-03-02 14:57:34
T00216,C085,P99,1,78000,Batal,2026-03-02 13:37:25,2026-03-02 13:38:05
T00217,C023,P10,1,285000, kirim ,2026-03-02 08:09:21,2026-03-02 08:10:06
T00218,C011,P17,1,140250,KIRIM,2026-03-02 10:17:51,2026-03-02 10:18:09
T00219,C084,P08,2,549000,Bayar,2026-03-02 10:43:49,2026-03-02 10:44:44
T00220,C056,P02,1,70200,bayar,2026-03-02 13:47:44,2026-03-02 13:47:55
T00221,C061,P08,1,549000,Batal,2026-03-02 09:55:27,2026-03-02 10:08:15
T00222,C027,P02,1,66300,bayar,2026-03-02 09:37:57,2026-03-02 09:44:19
T00223,C043,P19,1,89000,batal,2026-03-02 15:35:49,2026-03-02 15:36:33
T00224,C078,P99,2,66300, Bayar,2026-03-02 08:53:20,2026-03-02 08:54:14
T00225,C056,P15,1,208250,batal,2026-03-02 12:27:56,2026-03-02 12:28:32
T00226,C092,P08,2,549000,Bayar,2026-03-02 14:29:27,2026-03-02 14:29:45
T00227,C017,P01,1,27200,Bayar,2026-03-02 10:48:21,2026-03-02 10:49:10
T00228,C077,P04,2,17850,bayar,2026-03-02 08:14:20,2026-03-02 08:14:56
T00229,C022,P03,1,38000,BAYAR ,2026-03-02 14:35:51,2026-03-02 14:40:59
T00230,C062,P05,2,67500, Bayar,2026-03-02 08:34:33,2026-03-02 08:34:51
T00231,C039,P16,1,106250, Bayar,2026-03-02 13:24:17,2026-03-02 13:24:47
T00232,C084,P11,3,720000,KIRIM,2026-03-02 12:00:25,2026-03-02 12:01:18
T00233,C038,P07,2,198750,batal,2026-03-02 12:21:36,2026-03-02 12:22:02
T00234,C070,P13,1,385000,Bayar,2026-03-02 11:19:20,2026-03-02 11:19:57
T00235,C053,P10,1,285000, kirim ,2026-03-02 15:33:59,2026-03-02 15:34:52
T00236,C077,P05,1,63750,Bayar,2026-03-02 14:30:36,2026-03-02 14:31:01
T00237,C011,P12,1,1250000, Bayar,2026-03-02 14:23:11,2026-03-02 14:33:20
T00238,C043,P99,3,75650,batal,2026-03-02 13:52:16,2026-03-02 13:52:42
T00239,C048,P17,1,165000, Bayar,2026-03-02 13:04:44,2026-03-02 13:05:21
T00240,C094,P10,1,270750, Bayar,2026-03-02 11:47:10,2026-03-02 11:49:37
T00241,C058,P16,1,118750,kirim,2026-03-02 11:10:13,2026-03-02 11:10:42
T00242,C095,P11,1,720000,BAYAR ,2026-03-02 13:53:52,2026-03-02 13:54:44
T00243,C082,P15,1,208250,bayar,2026-03-02 10:06:37,2026-03-02 10:07:18
T00244,C027,P15,1,245000, kirim ,2026-03-02 13:23:25,2026-03-02 13:23:26
T00245,C086,P06,2,170100,Bayar,2026-03-02 11:19:46,2026-03-02 11:20:16
T00246,C087,P12,2,1187500,bayar,2026-03-02 11:12:13,2026-03-02 11:12:53
T00247,C066,P08,1,549000, kirim ,2026-03-02 10:46:46,2026-03-02 10:47:10
T00248,C063,P18,1,195000, Bayar,2026-03-02 14:18:42,2026-03-02 14:22:39
T00249,C072,P12,1,937500,KIRIM,2026-03-02 08:05:14,2026-03-02 08:05:27
T00250,C098,P15,1,245000, Bayar,2026-03-02 12:26:53,2026-03-02 12:27:30
T00251,C066,P15,1,245000, Bayar,2026-03-02 13:08:55,2026-03-02 13:09:45
T00252,C057,P12,1,1062500,kirim,2026-03-02 12:56:01,2026-03-02 12:56:04
T00253,C045,P08,2,549000,Bayar,2026-03-02 10:42:35,2026-03-02 10:44:08
T00254,C091,P08,1,466650,kirim,2026-03-02 09:54:37,2026-03-02 09:55:15
T00255,C077,P07,1,238500, Bayar,2026-03-02 15:19:52,2026-03-02 15:20:15
T00256,C053,P17,2,156750,batal,2026-03-02 14:10:59,2026-03-02 14:11:08
T00257,C087,P05,1,75000, kirim ,2026-03-02 14:28:30,2026-03-02 14:28:46
T00258,C012,P13,1,365750,Batal,2026-03-02 12:06:50,2026-03-02 12:07:41
T00259,C059,P19,1,80100,bayar,2026-03-02 08:01:21,2026-03-02 08:14:51
T00260,C037,P14,1,310000,Bayar,2026-03-02 15:30:28,2026-03-02 15:30:46
T00261,C003,P02,1,78000,KIRIM,2026-03-02 08:25:05,2026-03-02 08:25:56
T00262,C039,P14,1,294500,batal,2026-03-02 09:50:29,2026-03-02 10:24:59
T00263,C081,P12,1,1250000,Bayar,2026-03-02 14:02:54,2026-03-02 14:06:43
T00264,C067,P01,1,32000,bayar,2026-03-02 09:56:33,2026-03-02 09:56:42
T00265,C012,P14,2,310000,bayar,2026-03-02 14:19:02,2026-03-02 14:19:07
T00266,C083,P05,3,75000,kirim,2026-03-02 11:29:01,2026-03-02 11:29:50
T00266,C083,P05,3,75000,kirim,2026-03-02 11:29:01,2026-03-02 11:29:50
T00267,C020,P06,2,141750,kirim,2026-03-02 12:00:21,2026-03-02 12:00:35
T00268,C041,P04,2,21000,Batal,2026-03-02 13:21:59,2026-03-02 13:22:22
T00269,C089,P20,1,408500,kirim,2026-03-02 13:27:41,2026-03-02 13:28:00
T00270,C031,P13,1,385000,batal,2026-03-02 10:41:24,2026-03-02 10:42:15
T00271,C073,P17,1,165000,Bayar,2026-03-02 08:06:35,2026-03-02 08:47:23
T00272,C008,P01,3,27200, Bayar,2026-03-02 13:20:46,2026-03-02 13:21:03
T00273,C069,P14,1,294500,kirim,2026-03-02 11:51:19,2026-03-02 11:51:25
T00274,C082,P07,2,265000, Bayar,2026-03-02 15:21:18,2026-03-02 15:21:39
T00275,C079,P08,1,521550,BAYAR ,2026-03-02 08:31:37,2026-03-02 08:32:05
T00276,C093,P01,1,28800,BAYAR ,2026-03-02 09:29:28,2026-03-02 09:29:51
T00277,C035,P04,1,19950, kirim ,2026-03-02 15:01:18,2026-03-02 15:08:01
T00278,C073,P16,1,125000, Bayar,2026-03-02 12:08:35,2026-03-02 12:08:39
T00279,C002,P04,1,15750, Bayar,2026-03-02 10:04:44,2026-03-02 10:04:45
T00280,C054,P02,1,78000,KIRIM,2026-03-02 13:01:56,2026-03-02 13:02:42
T00281,C007,P03,1,38000,KIRIM,2026-03-02 13:12:08,2026-03-02 13:12:41
T00282,C059,P10,1,285000, Bayar,2026-03-02 15:02:26,2026-03-02 15:02:47
T00283,C099,P20,2,430000,pending,2026-03-02 10:12:28,2026-03-02 10:13:06
T00283,C099,P20,2,430000,pending,2026-03-02 10:12:28,2026-03-02 10:13:06
T00284,C043,P18,1,165750, kirim ,2026-03-02 11:09:11,2026-03-02 11:09:56
T00285,C019,P17,2,165000,batal,2026-03-02 10:10:04,2026-03-02 10:10:08
T00286,C096,P17,1,165000,BAYAR ,2026-03-02 11:45:35,2026-03-02 11:45:59
T00287,C031,P19,1,80100,Batal,2026-03-02 13:10:06,2026-03-02 13:10:49
T00288,C018,P11,2,720000,batal,2026-03-02 12:07:15,2026-03-02 12:07:20
T00289,C027,P11,1,540000,Batal,2026-03-02 11:42:00,2026-03-02 11:42:23
T00290,C042,P10,1,285000, Bayar,2026-03-02 15:31:19,2026-03-02 15:31:58
T00291,C052,P10,2,285000,bayar,2026-03-02 10:22:05,2026-03-02 10:22:17
T00292,C029,P05,1,63750,KIRIM,2026-03-02 09:06:19,2026-03-02 09:07:13
T00293,C009,P03,1,28500,BAYAR ,2026-03-02 13:18:01,2026-03-02 13:18:54
T00294,C074,P11,1,612000,pending,2026-03-02 09:06:54,2026-03-02 09:07:24
T00295,C005,P07,1,265000,Batal,2026-03-02 09:42:12,2026-03-02 09:42:41
T00296,C026,P16,1,125000,bayar,2026-03-02 08:33:18,2026-03-02 08:33:43
T00297,C073,P12,1,1062500, Bayar,2026-03-02 12:21:58,2026-03-02 12:22:30
T00298,C061,P08,1,549000,BAYAR ,2026-03-02 08:16:00,2026-03-02 08:30:17
T00299,C029,P09,1,272000, Bayar,2026-03-02 12:51:27,2026-03-02 12:52:15
T00300,C090,P06,1,189000, kirim ,2026-03-02 09:36:10,2026-03-02 09:36:31
T00301,C064,P19,0,89000,KIRIM,2026-03-02 09:17:36,2026-03-02 09:17:49
T00302,C079,P08,1,549000, Bayar,2026-03-02 08:10:53,2026-03-02 08:10:54
T00303,C019,P11,2,648000,kirim,2026-03-02 08:32:31,2026-03-02 08:33:09
T00304,C021,P13,2,327250,Bayar,2026-03-02 13:20:02,2026-03-02 13:20:22
T00305,C029,P18,1,195000,KIRIM,2026-03-02 14:18:46,2026-03-02 14:30:14
T00306,C051,P05,2,75000,batal,2026-03-02 09:37:03,2026-03-02 09:37:48
T00307,C019,P20,1,430000,batal,2026-03-02 10:00:38,2026-03-02 10:00:45
T00308,C043,P03,1,36100,kirim,2026-03-02 15:28:44,2026-03-02 15:29:25
T00309,C057,P09,2,320000,Bayar,2026-03-02 15:09:49,2026-03-02 15:09:50
T00310,C074,P18,1,195000,kirim,2026-03-02 11:24:59,2026-03-02 11:25:30
T00311,C010,P02,1,66300,batal,2026-03-02 10:41:03,2026-03-02 10:41:20
T00312,C091,P03,1,38000,Batal,2026-03-02 11:04:33,2026-03-02 11:05:13
T00313,C094,P07,1,251750,KIRIM,2026-03-02 09:43:45,2026-03-02 09:44:21
T00314,C001,P19,1,84550,Bayar,2026-03-02 13:00:11,2026-03-02 13:00:21
T00314,C001,P19,1,84550,Bayar,2026-03-02 13:00:11,2026-03-02 13:00:21
T00315,C015,P06,1,160650,Bayar,2026-03-02 13:48:32,2026-03-02 13:48:38
T00316,C049,P03,1,28500,bayar,2026-03-02 13:50:32,2026-03-02 13:50:44
T00317,C090,P08,1,549000, Bayar,2026-03-02 15:37:09,2026-03-02 15:37:13
T00318,C067,P19,1,66750,BAYAR ,2026-03-02 10:04:15,2026-03-02 10:05:09
T00319,C087,P02,3,78000,kirim,2026-03-02 12:34:12,2026-03-02 12:34:46
T00320,C011,P06,3,160650,BAYAR ,2026-03-02 09:55:43,2026-03-02 09:55:52
T00321,C009,P20,1,365500,Batal,2026-03-02 10:20:50,2026-03-02 10:21:37
T00322,C054,P01,1,32000,BAYAR ,2026-03-02 15:09:33,2026-03-02 15:10:11
T00323,C069,P04,2,17850,KIRIM,2026-03-02 08:57:41,2026-03-02 08:57:48
T00324,C080,P20,1,365500,bayar,2026-03-02 12:18:20,2026-03-02 12:18:38
T00325,C003,P08,1,521550,Batal,2026-03-02 08:26:55,2026-03-02 08:27:13
T00326,C057,P04,2,18900,Batal,2026-03-02 15:54:32,2026-03-02 15:54:52
T00327,C063,P03,2,34200,bayar,2026-03-02 09:42:38,2026-03-02 09:43:31
T00328,C068,P10,2,285000,kirim,2026-03-02 14:27:31,2026-03-02 14:27:40
T00329,C091,P02,1,70200,Batal,2026-03-02 10:16:15,2026-03-02 10:16:19
T00330,C058,P04,1,15750, Bayar,2026-03-02 14:12:00,2026-03-02 14:12:24
T00331,C050,P09,1,320000,BAYAR ,2026-03-02 14:49:01,2026-03-02 14:49:07
T00332,C099,P09,1,240000,kirim,2026-03-02 13:55:51,2026-03-02 13:55:53
T00333,C092,P01,3,30400,Batal,2026-03-02 10:02:12,2026-03-02 10:03:04
T00334,C080,P15,1,245000,kirim,2026-03-02 10:17:37,2026-03-02 10:17:57
T00335,C088,P12,1,1250000, Bayar,2026-03-02 13:06:37,2026-03-02 13:07:16
T00336,C020,P09,1,320000,bayar,2026-03-02 10:22:37,2026-03-02 10:23:19
T00337,C004,P20,1,408500, Bayar,2026-03-02 11:40:41,2026-03-02 11:41:25
T00338,C044,P02,2,78000, kirim ,2026-03-02 13:18:24,2026-03-02 13:19:01
T00339,C072,P12,1,1250000,KIRIM,2026-03-02 12:37:03,2026-03-02 12:37:14
T00340,C084,P18,1,175500,batal,2026-03-02 14:56:39,2026-03-02 15:09:15
T00341,C016,P11,1,720000,Bayar,2026-03-02 11:22:59,2026-03-02 11:23:18
T00342,C020,P13,1,385000,KIRIM,2026-03-02 12:49:21,2026-03-02 12:49:25
T00343,C011,P15,1,245000, Bayar,2026-03-02 09:18:13,2026-03-02 09:18:59
T00343,C011,P15,1,245000, Bayar,2026-03-02 09:18:13,2026-03-02 09:18:59
T00344,C021,P09,1,320000,BAYAR ,2026-03-02 09:54:21,2026-03-02 09:54:32
T00345,C069,P13,1,346500,bayar,2026-03-02 11:54:18,2026-03-02 12:15:50
T00346,C032,P17,1,148500,KIRIM,2026-03-02 09:44:04,2026-03-02 09:44:05
T00347,C038,P19,1,80100,Bayar,2026-03-02 10:47:10,2026-03-02 10:48:03
T00348,C052,P11,1,720000,BAYAR ,2026-03-02 12:27:42,2026-03-02 12:27:55
T00348,C052,P11,1,720000,BAYAR ,2026-03-02 12:27:42,2026-03-02 12:27:55
T00349,C005,P17,1,156750, kirim ,2026-03-02 09:32:17,2026-03-02 09:33:03
T00350,C089,P02,1,58500,Bayar,2026-03-02 14:01:31,2026-03-02 14:02:25
T00351,C054,P05,1,71250,BAYAR ,2026-03-02 09:52:13,2026-03-02 09:52:54
T00352,C014,P17,1,165000, Bayar,2026-03-02 14:32:32,2026-03-02 14:32:51
T00353,C064,P12,2,937500, Bayar,2026-03-02 14:24:10,2026-03-02 14:24:21
T00353,C064,P12,2,937500, Bayar,2026-03-02 14:24:10,2026-03-02 14:24:21
T00354,C012,P03,2,38000,bayar,2026-03-02 09:00:18,2026-03-02 09:01:01
T00355,C023,P15,2,232750, Bayar,2026-03-02 10:41:40,2026-03-02 10:41:44
T00356,C018,P04,1,21000, Bayar,2026-03-02 08:51:52,2026-03-02 08:53:38
T00357,C044,P20,1,365500,Bayar,2026-03-02 10:26:31,2026-03-02 10:29:06
T00358,C022,P13,1,385000,BAYAR ,2026-03-02 14:16:46,2026-03-02 14:31:25
T00359,C049,P16,2,125000,BAYAR ,2026-03-02 15:18:08,2026-03-02 15:18:37
T00360,C002,P14,2,310000, kirim ,2026-03-02 12:00:40,2026-03-02 12:00:57
T00361,C045,P20,1,365500,BAYAR ,2026-03-02 08:52:00,2026-03-02 08:52:47
T00362,C061,P20,2,430000,bayar,2026-03-02 08:29:48,2026-03-02 08:29:59
T00363,C049,P11,1,720000,bayar,2026-03-02 10:31:54,2026-03-02 10:32:09
T00364,C064,P15,2,245000,bayar,2026-03-02 08:48:04,2026-03-02 08:56:41
T00365,C080,P18,1,195000,Bayar,2026-03-02 08:00:05,2026-03-02 08:00:56
T00366,C099,P02,1,58500, Bayar,2026-03-02 15:25:57,2026-03-02 15:26:27
T00367,C038,P08,1,494100, kirim ,2026-03-02 08:01:11,2026-03-02 08:02:05
T00368,C014,P16,1,125000,kirim,2026-03-02 09:16:42,2026-03-02 09:17:30
T00369,C014,P07,2,265000, kirim ,2026-03-02 12:09:36,2026-03-02 12:09:49
T00370,C064,P15,1,245000,Bayar,2026-03-02 12:09:47,2026-03-02 12:10:20
T00371,C023,P17,2,165000,kirim,2026-03-02 15:06:34,2026-03-02 15:10:35
T00372,C089,P11,2,684000,Batal,2026-03-02 12:35:18,2026-03-02 12:43:26
T00373,C096,P15,1,220500,BAYAR ,2026-03-02 15:19:31,2026-03-02 15:19:58
T00374,C091,P10,1,285000, Bayar,2026-03-02 14:14:58,2026-03-02 14:15:42
T00375,C087,P18,2,185250,KIRIM,2026-03-02 12:22:20,2026-03-02 12:23:03
T00376,C035,P01,2,32000, Bayar,2026-03-02 11:28:00,2026-03-02 11:28:43
T00377,C005,P02,1,58500,kirim,2026-03-02 14:17:09,2026-03-02 14:17:23
T00378,C031,P18,1,185250,bayar,2026-03-02 15:52:19,2026-03-02 15:53:01
T00379,C080,P11,2,540000,BAYAR ,2026-03-02 13:01:32,2026-03-02 13:02:20
T00380,C100,P12,2,1250000, Bayar,2026-03-02 14:52:23,2026-03-02 14:53:11
T00381,C049,P03,1,36100, Bayar,2026-03-02 09:42:06,2026-03-02 10:09:38
T00382,C006,P09,1,288000,batal,2026-03-02 08:03:04,2026-03-02 08:03:50
T00383,C091,P10,1,285000,BAYAR ,2026-03-02 12:27:54,2026-03-02 12:28:30
T00384,C029,P06,2,170100, Bayar,2026-03-02 11:47:09,2026-03-02 11:47:35
T00385,C084,P20,1,387000,KIRIM,2026-03-02 12:49:43,2026-03-02 12:50:19
T00386,C049,P20,2,430000,Batal,2026-03-02 10:13:09,2026-03-02 10:39:47
T00387,C066,P01,1,32000, Bayar,2026-03-02 12:42:16,2026-03-02 12:42:40
T00388,C099,P17,1,165000,batal,2026-03-02 08:44:58,2026-03-02 09:02:49
T00389,C069,P07,2,225250,bayar,2026-03-02 15:52:22,2026-03-02 15:53:16
T00390,C023,P15,2,245000,BAYAR ,2026-03-02 14:31:30,2026-03-02 14:31:36
T00391,C087,P15,1,245000,bayar,2026-03-02 13:44:10,2026-03-02 13:44:31
T00392,C088,P03,1,38000, Bayar,2026-03-02 11:15:21,2026-03-02 11:18:09
T00393,C029,P13,1,327250, Bayar,2026-03-02 15:28:59,2026-03-02 15:29:30
T00394,C006,P12,1,1062500,bayar,2026-03-02 08:06:05,2026-03-02 08:06:41
T00395,C019,P12,1,1250000, kirim ,2026-03-02 09:55:38,2026-03-02 09:56:20
T00396,C097,P06,3,141750,bayar,2026-03-02 14:06:26,2026-03-02 14:07:21
T00397,C046,P04,1,21000,batal,2026-03-02 09:47:48,2026-03-02 09:48:20
T00398,C040,P07,1,265000, Bayar,2026-03-02 10:53:33,2026-03-02 10:53:55
T00399,C095,P06,1,179550, Bayar,2026-03-02 08:02:38,2026-03-02 08:03:29
T00400,C071,P16,1,125000, Bayar,2026-03-02 12:12:46,2026-03-02 12:13:36
T00401,C010,P18,2,195000,Bayar,2026-03-02 09:47:16,2026-03-02 09:47:57
T00402,C100,P02,1,66300,BAYAR ,2026-03-02 13:01:14,2026-03-02 13:01:49
T00403,C047,P10,1,285000,BAYAR ,2026-03-02 09:13:07,2026-03-02 09:13:40
T00404,C019,P06,2,141750,KIRIM,2026-03-02 09:37:50,2026-03-02 09:38:27
T00405,C027,P08,1,494100,Bayar,2026-03-02 08:34:19,2026-03-02 08:34:34
T00406,C067,P02,1,74100, Bayar,2026-03-02 08:21:47,2026-03-02 09:02:50
T00407,C010,P13,1,327250,kirim,2026-03-02 13:56:59,2026-03-02 13:57:37
T00408,C018,P12,1,1250000,bayar,2026-03-02 12:25:53,2026-03-02 12:26:32
T00409,C016,P05,1,63750,KIRIM,2026-03-02 09:42:04,2026-03-02 09:42:43
T00410,C053,P16,1,125000,kirim,2026-03-02 12:21:36,2026-03-02 12:21:47
T00411,C034,P17,3,140250,bayar,2026-03-02 08:21:24,2026-03-02 08:24:54
T00412,C062,P10,1,242250,batal,2026-03-02 08:46:49,2026-03-02 08:47:28
T00413,C088,P06,1,141750,bayar,2026-03-02 13:40:21,2026-03-02 13:40:38
T00414,C020,P04,1,21000,KIRIM,2026-03-02 08:09:02,2026-03-02 08:09:35
T00415,C017,P18,2,195000,Bayar,2026-03-02 12:34:53,2026-03-02 12:34:59
T00416,C062,P02,2,66300,Batal,2026-03-02 14:21:00,2026-03-02 14:21:15
T00417,C030,P19,2,89000, Bayar,2026-03-02 08:53:21,2026-03-02 08:53:38
T00418,C074,P09,1,320000,KIRIM,2026-03-02 09:43:13,2026-03-02 09:44:01
T00419,C075,P11,1,612000, Bayar,2026-03-02 11:43:17,2026-03-02 11:43:27
T00420,C062,P13,1,288750,KIRIM,2026-03-02 14:52:18,2026-03-02 14:52:54
T00421,C030,P13,1,385000,bayar,2026-03-02 14:41:50,2026-03-02 14:42:33
T00422,C007,P11,1,720000,kirim,2026-03-02 15:17:22,2026-03-02 15:18:07
T00423,C011,P20,1,365500,Bayar,2026-03-02 11:57:46,2026-03-02 11:58:03
T00424,C064,P20,1,430000, Bayar,2026-03-02 08:31:22,2026-03-02 09:00:21
T00425,C005,P17,1,165000,BAYAR ,2026-03-02 12:41:42,2026-03-02 12:42:22
T00426,C067,P13,1,385000,bayar,2026-03-02 11:12:51,2026-03-02 11:13:17
T00427,C078,P18,3,146250,Bayar,2026-03-02 13:18:21,2026-03-02 13:19:14
T00428,C044,P14,3,294500, Bayar,2026-03-02 12:36:28,2026-03-02 12:36:33
T00429,C100,P19,1,66750,bayar,2026-03-02 12:24:07,2026-03-02 12:24:56
T00430,C030,P13,2,327250,KIRIM,2026-03-02 13:46:03,2026-03-02 13:46:18
T00430,C030,P13,2,327250,KIRIM,2026-03-02 13:46:03,2026-03-02 13:46:18
T00431,C044,P09,1,320000,KIRIM,2026-03-02 10:15:34,2026-03-02 10:16:00
T00432,C025,P19,1,89000,kirim,2026-03-02 10:26:57,2026-03-02 10:27:45
T00433,C046,P07,1,265000,kirim,2026-03-02 10:05:10,2026-03-02 10:05:26
T00434,C006,P16,2,112500, Bayar,2026-03-02 13:35:13,2026-03-02 13:36:08
T00435,C066,P19,1,89000,batal,2026-03-02 15:54:27,2026-03-02 15:54:39
T00436,C088,P16,2,93750,bayar,2026-03-02 12:55:19,2026-03-02 12:55:42
T00437,C042,P01,1,30400,BAYAR ,2026-03-02 08:06:27,2026-03-02 08:06:52
T00438,C027,P16,1,112500, Bayar,2026-03-02 13:34:49,2026-03-02 13:35:01
T00439,C013,P06,2,189000, kirim ,2026-03-02 13:12:03,2026-03-02 13:12:40
T00440,C002,P05,1,56250,BAYAR ,2026-03-02 15:16:55,2026-03-02 15:34:28
T00441,C033,P17,1,165000,Bayar,2026-03-02 12:51:37,2026-03-02 12:52:28
T00442,C058,P07,2,251750,KIRIM,2026-03-02 15:24:27,2026-03-02 15:25:21
T00443,C087,P09,3,320000,BAYAR ,2026-03-02 11:07:56,2026-03-02 11:08:04
T00444,C011,P11,1,684000,KIRIM,2026-03-02 14:07:39,2026-03-02 14:08:29
T00445,C079,P06,1,189000,bayar,2026-03-02 13:49:50,2026-03-02 13:50:12
T00446,C051,P11,1,540000, Bayar,2026-03-02 13:56:37,2026-03-02 13:56:55
T00447,C094,P15,1,232750,bayar,2026-03-02 11:46:05,2026-03-02 11:47:00
T00448,C004,P04,2,21000,bayar,2026-03-02 08:34:50,2026-03-02 08:57:54
T00449,C081,P99,1,385000,bayar,2026-03-02 10:48:57,2026-03-02 10:49:45
T00450,C071,P11,1,720000,Batal,2026-03-02 15:51:59,2026-03-02 15:52:34
T00451,C045,P19,1,89000,bayar,2026-03-02 11:57:33,2026-03-02 11:58:14
T00452,C098,P09,2,288000, Bayar,2026-03-02 09:25:02,2026-03-02 09:25:03
T00452,C098,P09,2,288000, Bayar,2026-03-02 09:25:02,2026-03-02 09:25:03
T00453,C038,P16,1,125000, kirim ,2026-03-02 14:52:35,2026-03-02 14:52:36
T00454,C083,P18,1,165750,kirim,2026-03-02 11:58:43,2026-03-02 11:58:54
T00455,C088,P08,1,521550,KIRIM,2026-03-02 12:42:08,2026-03-02 12:42:48
T00456,C035,P05,2,56250,BAYAR ,2026-03-02 10:38:09,2026-03-02 10:38:39
T00457,C017,P18,2,195000,BAYAR ,2026-03-02 08:12:05,2026-03-02 08:12:12
T00457,C017,P18,2,195000,BAYAR ,2026-03-02 08:12:05,2026-03-02 08:12:12
T00458,C048,P07,1,265000,KIRIM,2026-03-02 11:06:43,2026-03-02 11:07:34
T00459,C061,P05,1,71250,Bayar,2026-03-02 08:30:36,2026-03-02 08:31:02
T00460,C005,P08,1,549000,BAYAR ,2026-03-02 11:30:09,2026-03-02 11:30:38
T00461,C071,P10,1,270750,Bayar,2026-03-02 10:56:26,2026-03-02 10:57:13
T00462,C056,P02,1,78000, Bayar,2026-03-02 15:51:40,2026-03-02 15:51:48
T00463,C061,P08,1,549000,KIRIM,2026-03-02 08:04:52,2026-03-02 08:29:47
T00464,C098,P16,1,125000,Batal,2026-03-02 08:49:55,2026-03-02 08:50:17
T00465,C083,P04,2,15750,pending,2026-03-02 09:08:43,2026-03-02 09:09:04
T00466,C072,P05,1,56250,kirim,2026-03-02 10:16:54,2026-03-02 10:26:10
T00467,C071,P11,1,720000,Bayar,2026-03-02 14:39:59,2026-03-02 14:40:53
T00468,C094,P12,1,1250000, Bayar,2026-03-02 12:07:59,2026-03-02 12:08:40
T00469,C068,P03,1,38000, Bayar,2026-03-02 13:59:30,2026-03-02 14:28:28
T00470,C017,P04,1,21000,BAYAR ,2026-03-02 08:52:34,2026-03-02 08:52:39
T00471,C068,P02,1,74100,kirim,2026-03-02 13:11:50,2026-03-02 13:12:15
T00472,C011,P03,1,38000,KIRIM,2026-03-02 08:07:08,2026-03-02 08:25:41
T00473,C079,P14,1,310000,bayar,2026-03-02 15:28:56,2026-03-02 15:29:42
T00474,C050,P07,1,265000,BAYAR ,2026-03-02 12:43:42,2026-03-02 12:44:29
T00475,C090,P04,1,21000,kirim,2026-03-02 14:58:29,2026-03-02 14:58:52
T00476,C057,P17,3,148500,Batal,2026-03-02 11:04:19,2026-03-02 11:04:54
T00477,C070,P14,1,294500, Bayar,2026-03-02 15:31:11,2026-03-02 15:31:50
T00478,C067,P13,1,365750,bayar,2026-03-02 08:00:06,2026-03-02 08:00:25
T00479,C071,P99,1,720000,kirim,2026-03-02 08:11:51,2026-03-02 08:12:36
T00480,C039,P09,1,272000,BAYAR ,2026-03-02 11:20:28,2026-03-02 11:25:43
T00481,C013,P16,1,118750,kirim,2026-03-02 09:34:25,2026-03-02 09:35:10
T00482,C056,P03,1,38000,BAYAR ,2026-03-02 15:06:03,2026-03-02 15:06:53
T00483,C068,P01,1,32000, Bayar,2026-03-02 13:46:11,2026-03-02 13:46:36
T00484,C097,P02,1,78000,batal,2026-03-02 14:07:53,2026-03-02 14:08:19
T00485,C007,P05,1,71250,bayar,2026-03-02 09:12:11,2026-03-02 09:12:42
T00486,C051,P05,1,75000,BAYAR ,2026-03-02 14:56:10,2026-03-02 14:56:46
T00487,C086,P14,1,279000, Bayar,2026-03-02 10:56:37,2026-03-02 10:57:14
T00488,C057,P01,1,24000,bayar,2026-03-02 15:00:20,2026-03-02 15:00:43
T00489,C095,P12,0,1250000, Bayar,2026-03-02 09:25:11,2026-03-02 09:26:06
T00490,C027,P16,1,118750,Bayar,2026-03-02 08:12:25,2026-03-02 08:13:13
T00491,C033,P01,1,30400,BAYAR ,2026-03-02 11:25:40,2026-03-02 11:26:23
T00492,C085,P02,1,70200,pending,2026-03-02 12:13:55,2026-03-02 12:13:56
T00493,C063,P13,2,385000,batal,2026-03-02 12:37:43,2026-03-02 12:54:24
T00494,C040,P99,1,165750,batal,2026-03-02 14:29:06,2026-03-02 14:29:22
T00495,C008,P10,1,242250,bayar,2026-03-02 10:08:59,2026-03-02 10:56:05
T00496,C012,P08,2,549000,KIRIM,2026-03-02 09:22:51,2026-03-02 09:23:17
T00497,C084,P10,1,285000,BAYAR ,2026-03-02 13:30:36,2026-03-02 13:31:11
T00498,C073,P17,2,148500,bayar,2026-03-02 09:13:51,2026-03-02 09:14:41
T00499,C098,P04,1,17850,KIRIM,2026-03-02 09:40:33,2026-03-02 09:40:43
T00500,C004,P09,2,304000,BAYAR ,2026-03-02 09:22:59,2026-03-02 09:23:06
T00501,C065,P01,2,24000, Bayar,2026-03-02 11:16:12,2026-03-02 11:17:02
T00502,C098,P16,3,118750,Bayar,2026-03-02 09:15:06,2026-03-02 09:15:21
T00503,C057,P07,2,198750,Batal,2026-03-02 14:53:50,2026-03-02 14:54:02
T00504,C049,P14,2,263500, kirim ,2026-03-02 11:41:06,2026-03-02 11:41:45
T00505,C067,P18,1,146250,kirim,2026-03-02 12:46:50,2026-03-02 12:47:36
T00506,C067,P18,2,195000,BAYAR ,2026-03-02 11:36:03,2026-03-02 12:07:23
T00507,C038,P10,1,285000,BAYAR ,2026-03-02 15:02:31,2026-03-02 15:03:01
T00508,C090,P03,1,32300,KIRIM,2026-03-02 14:34:39,2026-03-02 14:34:51
T00508,C090,P03,1,32300,KIRIM,2026-03-02 14:34:39,2026-03-02 14:34:51
T00509,C012,P15,1,245000,batal,2026-03-02 13:22:23,2026-03-02 13:26:49
T00510,C066,P12,1,1250000,KIRIM,2026-03-02 08:46:35,2026-03-02 08:47:00
T00511,C021,P06,2,189000, kirim ,2026-03-02 11:03:03,2026-03-02 11:03:46
T00512,C026,P15,1,232750,batal,2026-03-02 10:37:42,2026-03-02 10:37:50
T00513,C076,P18,1,146250,Bayar,2026-03-02 15:20:58,2026-03-02 15:21:30
T00514,C072,P01,2,32000,bayar,2026-03-02 10:13:38,2026-03-02 10:19:22
T00515,C078,P12,1,1250000,kirim,2026-03-02 08:20:03,2026-03-02 08:20:06
T00516,C077,P06,1,189000,KIRIM,2026-03-02 14:07:03,2026-03-02 14:07:46
T00517,C049,P02,2,66300,bayar,2026-03-02 08:50:51,2026-03-02 08:51:12
T00518,C027,P09,1,320000,bayar,2026-03-02 10:59:47,2026-03-02 11:00:21
T00519,C074,P10,3,256500,BAYAR ,2026-03-02 11:53:13,2026-03-02 11:53:34
T00520,C038,P16,0,125000,bayar,2026-03-02 12:28:58,2026-03-02 12:29:38
T00521,C043,P07,1,265000,bayar,2026-03-02 15:16:40,2026-03-02 15:17:07
T00522,C042,P09,2,320000, Bayar,2026-03-02 15:11:33,2026-03-02 15:11:53
T00523,C044,P20,3,322500,Bayar,2026-03-02 08:15:54,2026-03-02 08:16:07
T00524,C060,P16,2,106250,batal,2026-03-02 09:24:51,2026-03-02 09:25:26
T00525,C043,P11,2,648000,bayar,2026-03-02 13:03:12,2026-03-02 13:03:26
T00526,C022,P01,1,27200,BAYAR ,2026-03-02 11:05:13,2026-03-02 11:56:36
T00527,C053,P10,1,285000, Bayar,2026-03-02 14:25:10,2026-03-02 14:38:16
T00528,C005,P07,2,265000,Bayar,2026-03-02 12:46:46,2026-03-02 12:46:54
T00529,C068,P17,1,148500,kirim,2026-03-02 09:24:08,2026-03-02 09:24:39
T00530,C059,P17,1,165000,kirim,2026-03-02 14:09:34,2026-03-02 14:46:34
T00531,C014,P20,1,408500,batal,2026-03-02 15:56:09,2026-03-02 15:56:39
T00532,C041,P07,2,265000, Bayar,2026-03-02 10:55:14,2026-03-02 10:55:33
T00533,C045,P01,1,30400,BAYAR ,2026-03-02 13:40:12,2026-03-02 13:40:19
T00534,C044,P19,0,89000,BAYAR ,2026-03-02 10:13:42,2026-03-02 10:14:02
T00535,C076,P02,1,58500, kirim ,2026-03-02 08:47:01,2026-03-02 08:47:13
T00536,C097,P07,2,265000,bayar,2026-03-02 14:29:20,2026-03-02 14:30:12
T00537,C099,P15,1,245000,kirim,2026-03-02 08:53:07,2026-03-02 08:53:51
T00538,C043,P09,2,288000,Batal,2026-03-02 11:18:29,2026-03-02 11:19:14
T00539,C099,P04,1,21000,bayar,2026-03-02 11:11:56,2026-03-02 11:12:51
T00540,C069,P04,1,17850,kirim,2026-03-02 10:57:58,2026-03-02 10:58:03
T00541,C076,P16,1,106250, kirim ,2026-03-02 11:29:36,2026-03-02 11:29:50
T00542,C092,P08,1,411750,kirim,2026-03-02 09:34:31,2026-03-02 09:34:36
T00543,C052,P18,1,195000,Bayar,2026-03-02 08:53:19,2026-03-02 08:53:31
T00544,C097,P02,1,78000,batal,2026-03-02 08:49:26,2026-03-02 08:49:35
T00545,C088,P10,2,270750, Bayar,2026-03-02 11:32:58,2026-03-02 11:33:27
T00546,C052,P12,2,1187500,batal,2026-03-02 08:48:45,2026-03-02 08:49:25
T00547,C015,P02,2,78000,batal,2026-03-02 08:00:27,2026-03-02 08:01:20
T00548,C028,P11,1,540000,BAYAR ,2026-03-02 14:28:43,2026-03-02 14:29:08
T00549,C086,P12,1,1250000,batal,2026-03-02 15:38:43,2026-03-02 15:39:02
T00550,C083,P16,2,93750,Bayar,2026-03-02 13:59:18,2026-03-02 13:59:27
T00551,C024,P14,1,310000,Bayar,2026-03-02 13:01:29,2026-03-02 13:01:54
T00552,C005,P17,3,123750, Bayar,2026-03-02 10:27:02,2026-03-02 10:27:37
T00553,C097,P03,2,28500,batal,2026-03-02 09:17:35,2026-03-02 09:18:09
T00554,C010,P08,1,521550,batal,2026-03-02 12:18:01,2026-03-02 12:18:44
T00555,C043,P01,1,30400, Bayar,2026-03-02 12:16:03,2026-03-02 12:16:34
T00556,C008,P20,1,430000,bayar,2026-03-02 14:49:17,2026-03-02 14:50:08
T00557,C010,P20,2,408500, Bayar,2026-03-02 08:14:54,2026-03-02 08:15:00
T00558,C076,P09,2,240000, Bayar,2026-03-02 08:07:45,2026-03-02 08:08:24
T00559,C044,P08,3,549000, kirim ,2026-03-02 12:24:49,2026-03-02 12:25:23
T00560,C085,P16,1,125000,BAYAR ,2026-03-02 14:51:06,2026-03-02 15:47:23
T00561,C022,P02,1,58500, Bayar,2026-03-02 13:50:45,2026-03-02 13:51:38
T00562,C034,P18,1,165750,bayar,2026-03-02 10:07:36,2026-03-02 10:08:22
T00563,C006,P13,1,346500,KIRIM,2026-03-02 14:10:32,2026-03-02 14:11:06
T00564,C084,P09,1,240000,BAYAR ,2026-03-02 11:02:56,2026-03-02 11:03:48
T00565,C041,P07,0,265000,batal,2026-03-02 12:43:57,2026-03-02 12:44:42
T00566,C005,P15,1,245000,bayar,2026-03-02 11:11:58,2026-03-02 11:12:17
T00567,C012,P07,2,265000,Batal,2026-03-02 13:27:20,2026-03-02 13:28:06
T00568,C033,P19,1,89000, kirim ,2026-03-02 15:18:39,2026-03-02 15:35:32
T00569,C033,P14,1,310000,KIRIM,2026-03-02 14:18:02,2026-03-02 14:32:10
T00570,C057,P11,1,720000,Bayar,2026-03-02 08:32:48,2026-03-02 08:33:41
T00571,C014,P05,0,71250,bayar,2026-03-02 12:55:15,2026-03-02 12:55:29
T00572,C082,P09,1,320000,Bayar,2026-03-02 15:04:28,2026-03-02 15:05:00
T00573,C063,P13,1,327250,batal,2026-03-02 13:13:49,2026-03-02 13:14:35
T00573,C063,P13,1,327250,batal,2026-03-02 13:13:49,2026-03-02 13:14:35
T00574,C039,P16,1,125000, Bayar,2026-03-02 09:06:11,2026-03-02 09:06:34
T00575,C026,P03,1,38000,Bayar,2026-03-02 15:39:23,2026-03-02 15:40:13
T00576,C081,P13,0,385000,BAYAR ,2026-03-02 08:58:18,2026-03-02 08:58:41
T00577,C083,P19,0,66750,kirim,2026-03-02 10:10:14,2026-03-02 10:10:19
T00578,C067,P02,1,78000, kirim ,2026-03-02 11:41:27,2026-03-02 11:42:19
T00579,C080,P02,1,78000,bayar,2026-03-02 14:41:39,2026-03-02 14:42:21
T00580,C076,P10,1,285000,bayar,2026-03-02 15:28:13,2026-03-02 15:28:43
T00581,C095,P08,1,494100,bayar,2026-03-02 08:34:27,2026-03-02 08:34:55
T00582,C006,P05,1,67500,bayar,2026-03-02 10:55:37,2026-03-02 10:56:28
T00583,C032,P14,3,310000,BAYAR ,2026-03-02 09:31:46,2026-03-02 09:32:22
T00584,C011,P20,1,430000,kirim,2026-03-02 11:25:25,2026-03-02 11:25:27
T00585,C089,P10,1,285000, kirim ,2026-03-02 11:47:18,2026-03-02 11:48:09
T00586,C092,P08,1,549000, Bayar,2026-03-02 09:35:19,2026-03-02 09:35:22
T00586,C092,P08,1,549000, Bayar,2026-03-02 09:35:19,2026-03-02 09:35:22
T00587,C080,P08,1,549000,Batal,2026-03-02 09:44:48,2026-03-02 09:45:22
T00588,C061,P09,1,320000,bayar,2026-03-02 08:28:58,2026-03-02 08:29:49
T00589,C098,P07,1,265000, kirim ,2026-03-02 11:57:23,2026-03-02 11:58:03
T00590,C031,P06,2,170100,Bayar,2026-03-02 15:08:59,2026-03-02 15:09:32
T00591,C031,P11,2,720000,Bayar,2026-03-02 10:05:38,2026-03-02 10:05:59
T00592,C079,P19,1,75650, Bayar,2026-03-02 12:24:33,2026-03-02 12:25:01
T00593,C073,P12,1,1250000,bayar,2026-03-02 10:27:17,2026-03-02 10:27:26
T00594,C082,P06,3,189000,BAYAR ,2026-03-02 14:55:14,2026-03-02 14:55:33
T00595,C060,P16,1,106250,BAYAR ,2026-03-02 15:50:52,2026-03-02 16:41:03
T00596,C054,P08,3,549000,Batal,2026-03-02 13:23:11,2026-03-02 13:47:58
T00597,C013,P14,1,310000,kirim,2026-03-02 12:50:03,2026-03-02 12:50:55
T00597,C013,P14,1,310000,kirim,2026-03-02 12:50:03,2026-03-02 12:50:55
T00598,C012,P14,1,294500,BAYAR ,2026-03-02 09:59:03,2026-03-02 09:59:22
T00599,C091,P19,1,80100, kirim ,2026-03-02 08:13:19,2026-03-02 08:36:13
T00600,C038,P03,1,36100,BAYAR ,2026-03-02 11:30:11,2026-03-02 11:36:51
T00601,C087,P11,1,720000,batal,2026-03-02 14:41:49,2026-03-02 15:05:36
T00602,C009,P02,1,78000,BAYAR ,2026-03-02 11:19:39,2026-03-02 11:20:21
T00603,C090,P04,1,21000, Bayar,2026-03-02 13:54:27,2026-03-02 13:55:16
T00604,C063,P14,1,310000,Bayar,2026-03-02 10:31:21,2026-03-02 10:31:45
T00605,C089,P18,2,195000,kirim,2026-03-02 10:39:36,2026-03-02 10:40:00
T00606,C010,P03,1,36100,batal,2026-03-02 11:33:21,2026-03-02 11:39:16
T00607,C088,P07,1,265000,Bayar,2026-03-02 12:44:21,2026-03-02 12:59:44
T00608,C030,P01,2,28800,KIRIM,2026-03-02 10:39:12,2026-03-02 10:39:14
T00609,C071,P11,1,684000,BAYAR ,2026-03-02 12:25:30,2026-03-02 12:26:15
T00610,C007,P09,1,304000,KIRIM,2026-03-02 10:03:51,2026-03-02 10:04:10
T00611,C091,P06,1,189000,batal,2026-03-02 14:28:44,2026-03-02 14:28:56
T00612,C027,P11,1,720000, Bayar,2026-03-02 13:13:46,2026-03-02 13:14:03
T00613,C004,P15,1,183750,BAYAR ,2026-03-02 12:54:50,2026-03-02 13:18:56
T00614,C043,P05,1,71250,Batal,2026-03-02 08:02:20,2026-03-02 08:26:39
T00615,C057,P19,1,89000, kirim ,2026-03-02 14:04:12,2026-03-02 14:04:49
T00616,C029,P18,1,195000, Bayar,2026-03-02 09:03:49,2026-03-02 09:04:15
T00617,C003,P19,1,66750,bayar,2026-03-02 12:47:30,2026-03-02 12:48:20
T00618,C086,P16,1,125000,Batal,2026-03-02 10:53:32,2026-03-02 10:54:05
T00619,C012,P10,1,213750, kirim ,2026-03-02 11:08:22,2026-03-02 11:08:51
T00620,C054,P10,1,285000,kirim,2026-03-02 09:29:27,2026-03-02 09:29:55
T00621,C012,P17,1,156750,KIRIM,2026-03-02 11:03:10,2026-03-02 11:03:48
T00622,C049,P19,1,66750,bayar,2026-03-02 14:52:27,2026-03-02 14:56:51
T00623,C004,P19,2,89000, Bayar,2026-03-02 10:45:58,2026-03-02 10:46:46
T00624,C063,P16,2,125000,bayar,2026-03-02 09:07:49,2026-03-02 09:08:08
T00625,C056,P03,2,28500,bayar,2026-03-02 13:27:04,2026-03-02 13:27:42
T00626,C041,P01,1,32000, Bayar,2026-03-02 15:41:38,2026-03-02 15:42:16
T00627,C038,P14,1,310000,BAYAR ,2026-03-02 13:47:28,2026-03-02 13:54:32
T00628,C041,P04,2,19950, Bayar,2026-03-02 13:27:00,2026-03-02 13:27:35
T00629,C018,P04,1,18900,Bayar,2026-03-02 12:51:51,2026-03-02 12:52:44
T00630,C025,P06,2,189000,Bayar,2026-03-02 08:55:56,2026-03-02 08:56:29
T00631,C018,P05,2,67500,kirim,2026-03-02 08:09:29,2026-03-02 08:09:49
T00631,C018,P05,2,67500,kirim,2026-03-02 08:09:29,2026-03-02 08:09:49
T00632,C030,P04,1,21000,BAYAR ,2026-03-02 10:01:26,2026-03-02 10:02:11
T00633,C006,P04,1,21000, kirim ,2026-03-02 08:42:27,2026-03-02 08:42:58
T00634,C097,P04,1,21000, kirim ,2026-03-02 10:18:10,2026-03-02 10:18:30
T00635,C096,P06,3,170100, Bayar,2026-03-02 14:06:14,2026-03-02 14:06:20
T00636,C075,P20,2,430000,BAYAR ,2026-03-02 10:12:04,2026-03-02 10:12:09
T00637,C065,P18,2,146250,Batal,2026-03-02 08:02:21,2026-03-02 08:19:02
T00638,C066,P04,1,21000, Bayar,2026-03-02 09:38:46,2026-03-02 09:39:11
T00639,C093,P05,1,67500,Bayar,2026-03-02 12:30:46,2026-03-02 12:31:32
T00640,C071,P20,1,365500,BAYAR ,2026-03-02 14:42:02,2026-03-02 14:42:56
T00641,C063,P16,1,106250,Batal,2026-03-02 14:10:53,2026-03-02 14:10:54
T00642,C014,P04,2,21000,bayar,2026-03-02 09:18:17,2026-03-02 09:19:02
T00643,C055,P07,2,251750, Bayar,2026-03-02 13:24:55,2026-03-02 13:25:21
T00644,C063,P13,1,385000,Batal,2026-03-02 11:14:28,2026-03-02 11:15:07
T00645,C095,P16,1,125000,Bayar,2026-03-02 10:06:03,2026-03-02 10:06:12
T00646,C080,P13,1,385000,Bayar,2026-03-02 13:30:11,2026-03-02 13:30:21
T00647,C070,P16,1,125000,Bayar,2026-03-02 12:27:44,2026-03-02 12:28:19
T00648,C005,P15,1,232750,BAYAR ,2026-03-02 10:51:47,2026-03-02 11:00:20
T00649,C085,P13,1,288750,KIRIM,2026-03-02 12:26:12,2026-03-02 12:26:49
T00650,C079,P02,1,74100,Batal,2026-03-02 11:33:44,2026-03-02 11:34:22
T00651,C004,P05,2,67500,KIRIM,2026-03-02 15:37:04,2026-03-02 15:37:56
T00652,C031,P12,1,1250000,bayar,2026-03-02 11:44:58,2026-03-02 11:45:41
T00653,C055,P06,1,160650,pending,2026-03-02 08:10:45,2026-03-02 08:10:48
T00654,C063,P11,1,720000, Bayar,2026-03-02 11:26:17,2026-03-02 11:26:38
T00655,C026,P11,1,720000,batal,2026-03-02 09:31:00,2026-03-02 09:31:24
T00656,C012,P19,2,89000, kirim ,2026-03-02 11:39:33,2026-03-02 11:40:13
T00657,C084,P17,2,156750,KIRIM,2026-03-02 12:19:33,2026-03-02 12:19:56
T00658,C098,P14,1,310000,BAYAR ,2026-03-02 11:39:42,2026-03-02 11:40:15
T00659,C099,P15,2,245000, kirim ,2026-03-02 10:26:19,2026-03-02 10:50:24
T00660,C056,P08,1,549000,BAYAR ,2026-03-02 09:22:10,2026-03-02 09:22:59
T00661,C052,P99,1,285000,BAYAR ,2026-03-02 13:52:49,2026-03-02 13:53:33
T00662,C035,P18,1,185250, Bayar,2026-03-02 11:58:11,2026-03-02 11:58:14
T00663,C011,P02,1,74100,bayar,2026-03-02 14:34:34,2026-03-02 14:34:36
T00664,C093,P12,2,1250000,bayar,2026-03-02 14:06:49,2026-03-02 14:06:55
T00665,C068,P04,1,21000,batal,2026-03-02 12:45:03,2026-03-02 12:45:41
T00666,C096,P11,2,612000,BAYAR ,2026-03-02 10:59:50,2026-03-02 11:00:38
T00667,C069,P09,1,320000, Bayar,2026-03-02 12:00:00,2026-03-02 12:00:38
T00668,C092,P08,1,521550,bayar,2026-03-02 10:31:40,2026-03-02 10:35:08
T00669,C089,P02,2,78000,Batal,2026-03-02 15:39:33,2026-03-02 15:40:25
T00670,C057,P12,1,1062500,KIRIM,2026-03-02 15:23:35,2026-03-02 15:24:10
T00671,C081,P08,1,466650,batal,2026-03-02 10:42:25,2026-03-02 10:42:36
T00672,C055,P16,2,125000,BAYAR ,2026-03-02 12:17:16,2026-03-02 12:18:10
T00673,C042,P12,1,1250000,bayar,2026-03-02 11:49:51,2026-03-02 11:50:44
T00674,C081,P15,1,245000,bayar,2026-03-02 15:12:00,2026-03-02 15:12:01
T00675,C041,P05,1,75000,KIRIM,2026-03-02 15:42:33,2026-03-02 15:43:00
T00676,C024,P11,0,612000,BAYAR ,2026-03-02 15:16:38,2026-03-02 15:16:44
T00677,C026,P20,1,430000,batal,2026-03-02 13:42:13,2026-03-02 13:42:19
T00678,C073,P09,1,272000,Bayar,2026-03-02 09:21:30,2026-03-02 09:21:54
T00679,C037,P08,2,466650,kirim,2026-03-02 14:29:42,2026-03-02 14:30:35
T00680,C024,P07,1,265000,bayar,2026-03-02 15:30:03,2026-03-02 15:30:47
T00681,C083,P20,1,430000,Bayar,2026-03-02 12:06:17,2026-03-02 12:13:35
T00682,C095,P13,1,385000,kirim,2026-03-02 14:15:06,2026-03-02 14:15:31
T00683,C077,P08,2,549000,batal,2026-03-02 12:17:11,2026-03-02 12:28:31
T00684,C072,P10,1,285000,Batal,2026-03-02 11:35:33,2026-03-02 11:35:42
T00685,C068,P11,1,684000,bayar,2026-03-02 15:59:26,2026-03-02 15:59:32
T00686,C056,P16,1,118750, kirim ,2026-03-02 15:56:03,2026-03-02 16:15:50
T00687,C063,P17,2,165000,Bayar,2026-03-02 10:50:56,2026-03-02 10:51:07
T00688,C060,P08,1,411750,bayar,2026-03-02 09:40:01,2026-03-02 09:40:18
T00689,C019,P18,1,195000,kirim,2026-03-02 12:24:59,2026-03-02 12:25:07
T00690,C085,P06,1,189000,BAYAR ,2026-03-02 14:49:33,2026-03-02 14:49:51
T00691,C088,P16,3,125000,Bayar,2026-03-02 14:09:40,2026-03-02 14:10:02
T00692,C091,P04,1,15750, Bayar,2026-03-02 15:37:06,2026-03-02 15:37:08
T00692,C091,P04,1,15750, Bayar,2026-03-02 15:37:06,2026-03-02 15:37:08
T00693,C094,P02,3,78000,BAYAR ,2026-03-02 13:58:21,2026-03-02 13:58:50
T00694,C078,P10,1,242250, Bayar,2026-03-02 10:56:29,2026-03-02 10:57:17
T00695,C100,P13,1,385000,bayar,2026-03-02 08:48:42,2026-03-02 08:48:56
T00696,C048,P10,1,213750,KIRIM,2026-03-02 14:14:04,2026-03-02 14:14:27
T00697,C048,P19,1,75650,Bayar,2026-03-02 13:27:51,2026-03-02 13:28:40
T00698,C064,P15,1,245000,KIRIM,2026-03-02 14:09:25,2026-03-02 14:10:09
T00699,C039,P16,2,106250,KIRIM,2026-03-02 10:44:03,2026-03-02 10:44:12
T00700,C060,P02,1,74100, Bayar,2026-03-02 12:40:23,2026-03-02 12:40:51
T00701,C024,P17,2,165000,bayar,2026-03-02 08:08:53,2026-03-02 08:09:36
T00702,C080,P11,2,648000,kirim,2026-03-02 13:20:41,2026-03-02 13:21:30
T00703,C003,P20,1,430000,bayar,2026-03-02 10:21:37,2026-03-02 10:24:25
T00704,C063,P13,1,346500,Bayar,2026-03-02 15:54:28,2026-03-02 15:55:16
T00705,C025,P05,2,75000,Bayar,2026-03-02 08:07:34,2026-03-02 08:08:27
T00706,C012,P14,1,232500,BAYAR ,2026-03-02 15:39:53,2026-03-02 15:40:44
T00706,C012,P14,1,232500,BAYAR ,2026-03-02 15:39:53,2026-03-02 15:40:44
T00707,C061,P06,1,141750,batal,2026-03-02 09:23:14,2026-03-02 09:23:43
T00708,C092,P13,1,327250,KIRIM,2026-03-02 08:27:48,2026-03-02 08:27:55
T00709,C076,P18,2,146250,BAYAR ,2026-03-02 10:38:48,2026-03-02 10:39:14
T00710,C083,P14,1,232500,bayar,2026-03-02 13:14:47,2026-03-02 13:14:52
T00711,C093,P12,1,1125000,Bayar,2026-03-02 12:04:50,2026-03-02 12:04:52
T00712,C017,P11,2,612000,KIRIM,2026-03-02 13:28:49,2026-03-02 13:42:01
T00713,C027,P12,1,1250000,Bayar,2026-03-02 15:14:42,2026-03-02 15:15:37
T00714,C064,P20,1,430000,batal,2026-03-02 12:28:47,2026-03-02 12:29:14
T00715,C065,P09,1,320000,KIRIM,2026-03-02 11:14:59,2026-03-02 11:15:11
T00716,C046,P04,2,19950,batal,2026-03-02 13:06:55,2026-03-02 13:07:12
T00717,C057,P20,2,430000,batal,2026-03-02 14:05:37,2026-03-02 14:05:41
T00718,C081,P04,1,21000, Bayar,2026-03-02 15:29:48,2026-03-02 15:30:21
T00719,C020,P15,1,220500,kirim,2026-03-02 14:56:08,2026-03-02 14:56:55
T00720,C061,P14,1,310000,kirim,2026-03-02 15:00:05,2026-03-02 15:00:21
T00721,C097,P14,1,310000,BAYAR ,2026-03-02 11:16:57,2026-03-02 11:17:13
T00722,C047,P14,3,232500,kirim,2026-03-02 12:10:32,2026-03-02 12:34:20
T00723,C099,P17,1,165000,Bayar,2026-03-02 08:38:00,2026-03-02 08:38:21
T00724,C085,P05,2,71250,Batal,2026-03-02 13:13:47,2026-03-02 13:14:28
T00725,C045,P18,1,185250,BAYAR ,2026-03-02 15:57:04,2026-03-02 15:57:52
T00726,C090,P07,1,225250,kirim,2026-03-02 12:57:19,2026-03-02 12:57:59
T00727,C017,P18,1,185250,kirim,2026-03-02 11:02:40,2026-03-02 11:03:27
T00728,C070,P17,1,165000, Bayar,2026-03-02 11:06:04,2026-03-02 11:06:15
T00729,C065,P04,1,21000,bayar,2026-03-02 14:39:45,2026-03-02 14:40:09
T00730,C075,P01,1,32000,KIRIM,2026-03-02 12:07:28,2026-03-02 12:07:44
T00731,C032,P19,1,89000, Bayar,2026-03-02 14:07:14,2026-03-02 14:07:39
T00732,C017,P14,1,232500,bayar,2026-03-02 15:32:26,2026-03-02 15:32:32
T00733,C075,P19,1,75650,KIRIM,2026-03-02 13:05:16,2026-03-02 13:05:42
T00734,C092,P14,1,310000,BAYAR ,2026-03-02 15:29:54,2026-03-02 15:30:27
T00735,C053,P06,1,170100, Bayar,2026-03-02 13:05:18,2026-03-02 13:05:26
T00736,C004,P12,2,1250000,Bayar,2026-03-02 10:46:31,2026-03-02 11:26:52
T00737,C016,P10,1,285000,bayar,2026-03-02 09:57:44,2026-03-02 09:58:32
T00738,C093,P19,2,89000,BAYAR ,2026-03-02 12:07:03,2026-03-02 12:21:23
T00739,C080,P15,1,208250,Bayar,2026-03-02 14:04:23,2026-03-02 14:05:10
T00740,C083,P99,1,195000, kirim ,2026-03-02 08:25:01,2026-03-02 08:47:34
T00741,C070,P04,1,21000,batal,2026-03-02 13:51:39,2026-03-02 13:51:52
T00742,C003,P01,1,32000,BAYAR ,2026-03-02 09:05:41,2026-03-02 09:06:16
T00743,C052,P19,1,66750,bayar,2026-03-02 12:02:36,2026-03-02 12:03:11
T00744,C015,P01,3,32000, Bayar,2026-03-02 15:49:28,2026-03-02 15:49:53
T00745,C008,P03,0,34200,kirim,2026-03-02 09:24:13,2026-03-02 09:24:40
T00746,C016,P04,1,21000,BAYAR ,2026-03-02 10:54:47,2026-03-02 10:55:08
T00747,C053,P13,1,385000,Bayar,2026-03-02 09:02:50,2026-03-02 09:03:11
T00748,C032,P01,2,32000,KIRIM,2026-03-02 10:26:59,2026-03-02 10:27:37
T00749,C022,P17,2,140250,Bayar,2026-03-02 09:51:06,2026-03-02 09:51:16
T00750,C062,P20,1,408500,Bayar,2026-03-02 10:37:58,2026-03-02 10:38:09
T00751,C095,P07,1,265000, Bayar,2026-03-02 13:19:34,2026-03-02 13:19:53
T00752,C027,P05,1,67500, kirim ,2026-03-02 14:35:59,2026-03-02 14:36:17
T00753,C059,P15,3,220500,bayar,2026-03-02 10:29:06,2026-03-02 10:29:27
T00754,C053,P01,1,24000,KIRIM,2026-03-02 13:32:28,2026-03-02 13:32:29
T00755,C057,P03,1,34200,KIRIM,2026-03-02 12:54:10,2026-03-02 12:55:04
T00756,C016,P06,0,189000,Batal,2026-03-02 15:38:17,2026-03-02 15:39:02
T00757,C092,P12,1,937500,pending,2026-03-02 09:44:35,2026-03-02 09:45:15
T00758,C015,P20,2,322500,kirim,2026-03-02 09:54:11,2026-03-02 09:55:04
T00759,C076,P19,1,89000,BAYAR ,2026-03-02 14:07:05,2026-03-02 14:07:42
T00760,C087,P08,1,521550,pending,2026-03-02 12:45:40,2026-03-02 12:45:58
T00761,C053,P02,1,58500,KIRIM,2026-03-02 15:46:19,2026-03-02 16:08:41
T00762,C041,P08,1,549000, Bayar,2026-03-02 08:25:38,2026-03-02 08:26:05
T00763,C010,P01,2,32000,BAYAR ,2026-03-02 14:42:44,2026-03-02 14:43:29
T00764,C081,P04,3,19950,BAYAR ,2026-03-02 08:15:13,2026-03-02 08:16:05
T00765,C031,P11,3,540000,bayar,2026-03-02 15:34:39,2026-03-02 15:35:01
T00766,C089,P03,1,38000,bayar,2026-03-02 08:33:08,2026-03-02 08:40:34
T00767,C008,P10,1,270750,Bayar,2026-03-02 13:33:32,2026-03-02 13:33:37
T00768,C002,P14,1,232500,KIRIM,2026-03-02 10:07:18,2026-03-02 10:21:44
T00769,C067,P11,1,720000,bayar,2026-03-02 13:55:29,2026-03-02 14:23:50
T00770,C017,P03,1,36100,Batal,2026-03-02 13:23:47,2026-03-02 13:24:00
T00771,C017,P15,1,208250, Bayar,2026-03-02 09:41:32,2026-03-02 09:42:24
T00772,C048,P05,3,75000,bayar,2026-03-02 09:20:30,2026-03-02 09:21:09
T00773,C026,P18,1,195000,bayar,2026-03-02 15:48:57,2026-03-02 15:49:20
T00774,C043,P15,1,208250, Bayar,2026-03-02 13:27:33,2026-03-02 13:28:28
T00775,C089,P02,1,78000,kirim,2026-03-02 12:30:50,2026-03-02 12:30:51
T00776,C001,P11,0,720000, Bayar,2026-03-02 15:20:52,2026-03-02 15:21:06
T00777,C004,P15,1,232750,BAYAR ,2026-03-02 09:46:10,2026-03-02 09:46:59
T00778,,P06,1,179550,bayar,2026-03-02 11:05:35,2026-03-02 11:05:51
T00779,C048,P04,2,21000,Bayar,2026-03-02 11:04:48,2026-03-02 11:25:00
T00780,C089,P05,1,63750,BAYAR ,2026-03-02 09:11:25,2026-03-02 09:11:38
T00781,C042,P19,1,84550,kirim,2026-03-02 09:43:16,2026-03-02 09:49:17
T00782,C085,P16,1,125000,Bayar,2026-03-02 09:54:16,2026-03-02 09:55:07
T00783,C092,P17,1,123750,Bayar,2026-03-02 11:24:23,2026-03-02 11:24:53
T00784,C058,P19,2,75650,batal,2026-03-02 13:54:50,2026-03-02 13:55:05
T00785,C011,P19,1,89000, Bayar,2026-03-02 09:25:51,2026-03-02 09:47:14
T00786,C058,P19,1,75650, Bayar,2026-03-02 08:22:28,2026-03-02 08:23:08
T00787,C010,P13,1,385000, Bayar,2026-03-02 08:13:29,2026-03-02 08:13:44
T00788,C010,P03,1,38000, Bayar,2026-03-02 15:09:11,2026-03-02 15:09:26
T00789,C025,P10,2,285000, kirim ,2026-03-02 14:46:59,2026-03-02 14:47:43
T00790,C052,P01,3,32000,Bayar,2026-03-02 15:00:33,2026-03-02 15:01:26
T00791,C027,P05,1,56250, kirim ,2026-03-02 15:52:39,2026-03-02 15:52:54
T00792,C090,P03,1,28500,KIRIM,2026-03-02 10:50:58,2026-03-02 10:51:26
T00793,C002,P05,1,67500,Batal,2026-03-02 13:15:23,2026-03-02 13:21:35
T00794,C076,P13,1,385000,BAYAR ,2026-03-02 14:56:36,2026-03-02 14:57:11
T00795,C074,P11,2,612000,batal,2026-03-02 13:10:18,2026-03-02 13:10:57
T00796,C058,P13,1,365750,bayar,2026-03-02 09:42:51,2026-03-02 09:43:13
T00797,C024,P06,1,160650, Bayar,2026-03-02 08:17:30,2026-03-02 08:18:09
T00798,C022,P17,1,140250,Bayar,2026-03-02 08:38:13,2026-03-02 08:38:37
T00799,C027,P18,1,195000, Bayar,2026-03-02 11:48:30,2026-03-02 11:48:35
T00800,C065,P16,2,93750, Bayar,2026-03-02 09:26:42,2026-03-02 09:27:02
T00801,C068,P15,1,183750,KIRIM,2026-03-02 08:34:56,2026-03-02 08:35:35
T00802,C092,P03,2,32300,BAYAR ,2026-03-02 10:37:14,2026-03-02 10:37:44
T00803,C024,P20,1,430000,Batal,2026-03-02 14:40:26,2026-03-02 14:40:51
T00804,C009,P06,1,189000,Bayar,2026-03-02 10:29:31,2026-03-02 10:39:41
T00805,C100,P04,1,15750,BAYAR ,2026-03-02 11:21:22,2026-03-02 11:21:29
T00806,C060,P15,1,208250,kirim,2026-03-02 08:14:35,2026-03-02 08:15:20
T00806,C060,P15,1,208250,kirim,2026-03-02 08:14:35,2026-03-02 08:15:20
T00807,C060,P04,1,21000,kirim,2026-03-02 14:27:15,2026-03-02 14:33:49
T00808,C022,P15,2,245000,kirim,2026-03-02 09:16:35,2026-03-02 09:16:53
T00809,C035,P13,1,346500,BAYAR ,2026-03-02 09:31:59,2026-03-02 09:32:48
T00810,C067,P18,1,195000,KIRIM,2026-03-02 09:58:03,2026-03-02 09:58:07
T00811,C032,P20,1,430000,kirim,2026-03-02 08:02:32,2026-03-02 08:02:57
T00812,C029,P01,3,32000, kirim ,2026-03-02 11:04:06,2026-03-02 11:04:50
T00813,C081,P14,1,310000,Bayar,2026-03-02 12:39:53,2026-03-02 12:40:14
T00814,C084,P07,1,225250,BAYAR ,2026-03-02 08:57:49,2026-03-02 08:58:01
T00815,C028,P09,1,240000,bayar,2026-03-02 13:54:57,2026-03-02 13:55:00
T00816,C081,P19,1,89000, Bayar,2026-03-02 09:33:38,2026-03-02 09:33:45
T00817,C078,P11,2,540000,Bayar,2026-03-02 15:45:03,2026-03-02 15:45:08
T00818,C079,P17,2,165000, Bayar,2026-03-02 13:20:50,2026-03-02 13:20:51
T00819,C038,P08,1,466650,BAYAR ,2026-03-02 13:38:28,2026-03-02 13:38:37
T00820,C041,P20,1,430000,Bayar,2026-03-02 12:02:20,2026-03-02 12:02:42
T00821,C027,P01,1,32000,BAYAR ,2026-03-02 10:05:04,2026-03-02 10:05:26
T00822,C063,P11,1,720000,bayar,2026-03-02 09:40:14,2026-03-02 09:40:15
T00823,C027,P07,1,265000,Bayar,2026-03-02 09:08:34,2026-03-02 09:09:12
T00824,C037,P07,1,265000, Bayar,2026-03-02 10:13:45,2026-03-02 10:14:24
T00825,C065,P12,1,1062500,BAYAR ,2026-03-02 11:37:29,2026-03-02 11:38:00
T00826,C039,P01,1,32000,BAYAR ,2026-03-02 14:56:06,2026-03-02 14:57:01
T00827,C043,P15,1,183750,BAYAR ,2026-03-02 10:34:40,2026-03-02 10:35:19
T00828,C052,P01,3,27200, Bayar,2026-03-02 15:50:34,2026-03-02 15:51:21
T00829,C016,P19,1,89000,batal,2026-03-02 08:38:54,2026-03-02 08:38:57
T00830,C090,P12,1,1062500,KIRIM,2026-03-02 12:38:18,2026-03-02 12:38:59
T00831,C090,P02,1,78000,KIRIM,2026-03-02 15:24:04,2026-03-02 15:24:50
T00832,C021,P05,1,75000,Batal,2026-03-02 10:18:52,2026-03-02 10:19:30
T00833,C055,P03,1,36100,Bayar,2026-03-02 12:43:11,2026-03-02 12:51:24
T00834,C019,P03,1,38000, kirim ,2026-03-02 08:59:40,2026-03-02 09:00:30
T00835,C090,P06,1,160650, Bayar,2026-03-02 15:25:51,2026-03-02 15:25:58
T00836,C065,P12,3,937500,BAYAR ,2026-03-02 09:41:47,2026-03-02 09:42:00
T00837,C053,P06,1,189000,batal,2026-03-02 15:21:55,2026-03-02 15:22:12
T00838,C062,P04,1,21000,bayar,2026-03-02 10:31:08,2026-03-02 10:31:10
T00839,C067,P01,2,27200, Bayar,2026-03-02 14:03:21,2026-03-02 14:03:24
T00840,C044,P11,3,720000,KIRIM,2026-03-02 13:30:04,2026-03-02 13:30:28
T00841,C059,P02,0,66300,BAYAR ,2026-03-02 11:14:26,2026-03-02 11:29:11
T00842,C080,P09,1,240000,Bayar,2026-03-02 14:21:53,2026-03-02 14:22:09
T00842,C080,P09,1,240000,Bayar,2026-03-02 14:21:53,2026-03-02 14:22:09
T00843,C095,P11,1,540000,batal,2026-03-02 08:09:04,2026-03-02 08:09:07
T00844,C061,P20,3,430000,Batal,2026-03-02 15:13:36,2026-03-02 15:14:04
T00845,C092,P05,1,75000,KIRIM,2026-03-02 15:55:03,2026-03-02 15:55:40
T00846,C062,P18,1,195000,batal,2026-03-02 15:57:44,2026-03-02 15:58:13
T00847,C042,P03,2,36100,BAYAR ,2026-03-02 08:57:36,2026-03-02 08:58:22
T00848,C063,P04,1,18900,kirim,2026-03-02 14:03:26,2026-03-02 14:04:01
T00849,C096,P20,2,365500,Batal,2026-03-02 08:35:19,2026-03-02 08:35:44
T00850,C076,P04,3,21000, Bayar,2026-03-02 10:38:54,2026-03-02 10:39:00
T00851,C069,P13,1,327250,Bayar,2026-03-02 13:15:04,2026-03-02 13:15:24
T00852,C051,P05,1,56250, Bayar,2026-03-02 12:43:51,2026-03-02 12:44:29
T00853,C019,P08,2,549000, Bayar,2026-03-02 12:32:58,2026-03-02 12:33:08
T00854,C081,P04,2,15750, Bayar,2026-03-02 10:29:20,2026-03-02 11:23:26
T00855,C029,P11,2,720000,kirim,2026-03-02 09:23:23,2026-03-02 09:23:37
T00856,C003,P10,1,256500,Bayar,2026-03-02 15:25:06,2026-03-02 15:26:01
T00857,C090,P13,3,327250,bayar,2026-03-02 11:33:34,2026-03-02 11:34:21
T00858,C039,P19,1,89000,batal,2026-03-02 15:52:52,2026-03-02 15:53:47
T00859,C084,P05,1,75000,BAYAR ,2026-03-02 09:54:33,2026-03-02 09:55:21
T00860,C007,P06,1,170100,Bayar,2026-03-02 08:30:45,2026-03-02 08:31:16
T00861,C039,P13,1,385000,Bayar,2026-03-02 10:13:48,2026-03-02 10:14:04
T00862,C036,P03,0,28500,KIRIM,2026-03-02 15:04:44,2026-03-02 15:05:37
T00863,C076,P16,1,93750, Bayar,2026-03-02 13:50:17,2026-03-02 13:50:50
T00864,C039,P19,1,89000,KIRIM,2026-03-02 09:38:54,2026-03-02 09:39:36
T00865,C072,P18,2,146250,bayar,2026-03-02 09:40:58,2026-03-02 09:41:43
T00866,C024,P04,2,21000,batal,2026-03-02 14:51:30,2026-03-02 14:52:13
T00867,C012,P04,1,21000,kirim,2026-03-02 08:21:22,2026-03-02 08:21:36
T00868,C039,P12,1,1187500,Bayar,2026-03-02 12:57:19,2026-03-02 12:58:02
T00869,C066,P11,1,720000,bayar,2026-03-02 12:45:26,2026-03-02 12:52:26
T00870,C028,P10,1,270750,BAYAR ,2026-03-02 15:47:32,2026-03-02 15:47:41
T00871,C052,P18,1,185250,Batal,2026-03-02 10:19:14,2026-03-02 10:19:56
T00872,C090,P07,1,238500,batal,2026-03-02 08:38:32,2026-03-02 08:38:50
T00873,C035,P14,1,310000,Bayar,2026-03-02 11:26:57,2026-03-02 11:27:36
T00874,C029,P12,1,1250000,KIRIM,2026-03-02 11:02:08,2026-03-02 11:02:18
T00875,C040,P04,1,15750,bayar,2026-03-02 15:07:28,2026-03-02 15:11:27
T00876,C022,P10,1,242250,batal,2026-03-02 13:01:12,2026-03-02 13:01:19
T00877,C076,P18,1,195000,BAYAR ,2026-03-02 13:01:17,2026-03-02 13:02:12
T00878,C048,P19,2,89000, kirim ,2026-03-02 14:41:38,2026-03-02 14:42:25
T00879,C037,P06,1,160650,BAYAR ,2026-03-02 11:59:43,2026-03-02 12:56:58
T00880,C011,P10,1,285000,bayar,2026-03-02 11:42:00,2026-03-02 11:42:55
T00881,C055,P10,1,285000,KIRIM,2026-03-02 13:02:38,2026-03-02 13:17:25
T00882,C096,P18,1,165750, Bayar,2026-03-02 14:21:08,2026-03-02 14:21:09
T00883,C022,P17,1,165000,BAYAR ,2026-03-02 14:13:35,2026-03-02 14:14:14
T00884,C022,P17,1,165000, Bayar,2026-03-02 11:12:56,2026-03-02 11:35:08
T00885,C062,P18,1,195000,bayar,2026-03-02 15:44:38,2026-03-02 15:44:46
T00886,C005,P07,3,198750,bayar,2026-03-02 10:46:28,2026-03-02 10:58:26
T00887,C093,P11,1,648000,bayar,2026-03-02 10:42:56,2026-03-02 10:42:57
T00888,C063,P03,1,36100,BAYAR ,2026-03-02 12:48:57,2026-03-02 12:49:07
T00889,C014,P12,3,937500,kirim,2026-03-02 11:53:55,2026-03-02 12:04:04
T00890,C025,P01,1,32000,Bayar,2026-03-02 11:16:11,2026-03-02 11:29:17
T00891,C035,P02,1,58500,Batal,2026-03-02 09:27:33,2026-03-02 09:28:04
T00892,C095,P11,2,612000,BAYAR ,2026-03-02 14:50:11,2026-03-02 14:50:37
T00893,C088,P01,1,28800,Bayar,2026-03-02 09:08:52,2026-03-02 09:09:25
T00894,C055,P14,1,310000,BAYAR ,2026-03-02 12:22:14,2026-03-02 12:22:46
T00895,C061,P09,2,320000,BAYAR ,2026-03-02 14:22:48,2026-03-02 14:23:41
T00896,C025,P05,3,63750,bayar,2026-03-02 10:05:16,2026-03-02 10:05:42
T00897,C030,P02,1,66300,KIRIM,2026-03-02 11:27:43,2026-03-02 11:28:03
T00898,C045,P02,2,78000, Bayar,2026-03-02 10:46:10,2026-03-02 10:46:34
T00899,C061,P01,1,32000,Bayar,2026-03-02 08:28:28,2026-03-02 08:28:49
T00900,C088,P12,1,1250000,KIRIM,2026-03-02 11:02:33,2026-03-02 11:02:40
T00901,C027,P19,1,89000,kirim,2026-03-02 12:48:49,2026-03-02 12:49:05
T00902,C025,P04,2,21000,kirim,2026-03-02 08:22:24,2026-03-02 08:23:06
T00903,C093,P10,1,285000,BAYAR ,2026-03-02 14:36:08,2026-03-02 14:36:57
T00904,C016,P18,2,195000,KIRIM,2026-03-02 11:09:41,2026-03-02 11:18:20
T00905,C017,P17,1,165000,BAYAR ,2026-03-02 15:11:55,2026-03-02 15:12:34
T00906,C097,P18,1,165750,Bayar,2026-03-02 15:55:16,2026-03-02 15:55:21
T00907,C066,P01,1,30400,KIRIM,2026-03-02 09:27:22,2026-03-02 09:28:00
T00908,C031,P09,1,320000, Bayar,2026-03-02 13:01:32,2026-03-02 13:01:47
T00909,C015,P02,1,70200, Bayar,2026-03-02 13:50:50,2026-03-02 14:48:56
T00910,C038,P18,1,195000,batal,2026-03-02 10:24:12,2026-03-02 10:24:39
T00911,C100,P09,3,320000,Bayar,2026-03-02 09:36:31,2026-03-02 09:36:33
T00912,C035,P20,1,365500,BAYAR ,2026-03-02 13:00:51,2026-03-02 13:01:20
T00913,C024,P14,1,310000,BAYAR ,2026-03-02 11:21:19,2026-03-02 11:21:50
T00914,C023,P06,2,189000,bayar,2026-03-02 13:53:39,2026-03-02 13:53:59
T00915,C018,P15,2,245000, kirim ,2026-03-02 13:52:19,2026-03-02 14:09:01
T00916,C006,P04,1,21000,KIRIM,2026-03-02 15:31:24,2026-03-02 15:32:18
T00917,C095,P01,2,32000,BAYAR ,2026-03-02 15:12:45,2026-03-02 15:41:15
T00918,C032,P15,0,232750,bayar,2026-03-02 15:25:21,2026-03-02 15:25:43
T00919,C001,P10,2,285000,BAYAR ,2026-03-02 08:56:00,2026-03-02 08:56:54
T00920,C092,P10,2,285000,Bayar,2026-03-02 10:03:21,2026-03-02 10:16:01
T00921,C047,P04,3,21000,bayar,2026-03-02 10:33:54,2026-03-02 10:34:34
T00922,C086,P17,1,156750, Bayar,2026-03-02 11:02:52,2026-03-02 11:03:36
T00923,C092,P16,2,125000,kirim,2026-03-02 14:01:23,2026-03-02 14:01:40
T00924,C062,P05,2,75000, kirim ,2026-03-02 11:33:19,2026-03-02 11:34:10
T00925,C050,P05,1,56250,Bayar,2026-03-02 08:49:23,2026-03-02 08:49:32
T00926,C084,P20,3,365500,KIRIM,2026-03-02 15:13:21,2026-03-02 15:13:30
T00927,C075,P16,2,125000,bayar,2026-03-02 12:50:48,2026-03-02 12:51:03
T00927,C075,P16,2,125000,bayar,2026-03-02 12:50:48,2026-03-02 12:51:03
T00928,C008,P01,2,28800,batal,2026-03-02 11:17:55,2026-03-02 11:18:04
T00929,C096,P18,1,195000,Bayar,2026-03-02 11:49:57,2026-03-02 11:50:50
T00930,C010,P14,1,310000,kirim,2026-03-02 11:22:59,2026-03-02 11:23:06
T00931,C020,P08,2,411750, kirim ,2026-03-02 08:42:05,2026-03-02 08:42:59
T00932,C083,P10,1,270750,bayar,2026-03-02 12:16:47,2026-03-02 12:17:09
T00933,C051,P02,2,58500, Bayar,2026-03-02 13:29:57,2026-03-02 13:30:30
T00934,C067,P08,1,549000,batal,2026-03-02 11:51:22,2026-03-02 12:11:00
T00935,C010,P13,2,288750,Bayar,2026-03-02 09:40:19,2026-03-02 09:40:55
T00936,C025,P13,1,385000,kirim,2026-03-02 09:30:00,2026-03-02 09:30:24
T00937,C009,P11,1,720000, Bayar,2026-03-02 08:15:19,2026-03-02 08:15:30
T00938,C073,P02,3,58500,bayar,2026-03-02 10:11:15,2026-03-02 10:11:52
T00939,C051,P10,1,256500,Bayar,2026-03-02 08:04:37,2026-03-02 09:00:16
T00940,C065,P04,2,21000,bayar,2026-03-02 11:00:56,2026-03-02 11:01:44
T00941,C088,P19,1,89000,BAYAR ,2026-03-02 15:54:29,2026-03-02 16:00:26
T00942,C094,P05,1,67500,Bayar,2026-03-02 14:59:52,2026-03-02 15:00:25
T00943,C092,P12,2,1062500,BAYAR ,2026-03-02 13:40:29,2026-03-02 13:48:50
T00944,C002,P03,1,36100,bayar,2026-03-02 09:23:13,2026-03-02 09:23:45
T00945,C046,P06,1,189000,Bayar,2026-03-02 10:41:26,2026-03-02 10:41:44
T00946,C016,P09,3,240000,batal,2026-03-02 14:56:46,2026-03-02 15:08:51
T00947,C047,P14,1,279000, Bayar,2026-03-02 15:48:02,2026-03-02 15:48:46
T00948,C083,P15,1,245000,bayar,2026-03-02 10:23:32,2026-03-02 10:36:10
T00949,C050,P13,2,385000, Bayar,2026-03-02 09:26:24,2026-03-02 09:27:19
T00950,C051,P15,2,245000,Bayar,2026-03-02 08:59:35,2026-03-02 09:00:22
T00951,C036,P20,1,430000,Bayar,2026-03-02 12:25:34,2026-03-02 12:26:22
T00952,C047,P19,2,66750,BAYAR ,2026-03-02 08:17:06,2026-03-02 09:13:31
T00953,C009,P14,1,310000, Bayar,2026-03-02 10:27:22,2026-03-02 10:27:34
T00954,C007,P14,1,263500, Bayar,2026-03-02 12:46:35,2026-03-02 12:46:52
T00955,C089,P07,2,225250, Bayar,2026-03-02 11:10:45,2026-03-02 11:33:58
T00956,C093,P01,1,32000, Bayar,2026-03-02 13:06:19,2026-03-02 13:06:58
T00957,C064,P11,2,720000,Batal,2026-03-02 08:07:44,2026-03-02 08:08:14
T00958,C075,P15,1,245000,BAYAR ,2026-03-02 15:34:39,2026-03-02 15:46:28
T00959,C025,P06,3,189000, Bayar,2026-03-02 13:28:11,2026-03-02 13:28:34
T00959,C025,P06,3,189000, Bayar,2026-03-02 13:28:11,2026-03-02 13:28:34
T00960,C084,P10,3,242250,KIRIM,2026-03-02 12:34:12,2026-03-02 12:34:20
T00961,C023,P14,1,279000,BAYAR ,2026-03-02 12:45:43,2026-03-02 13:06:26
T00962,C056,P14,1,310000,kirim,2026-03-02 11:28:23,2026-03-02 11:29:06
T00963,C097,P01,1,32000,Bayar,2026-03-02 13:36:33,2026-03-02 13:53:19
T00964,C071,P10,1,285000,KIRIM,2026-03-02 15:45:08,2026-03-02 15:45:23
T00965,C095,P15,1,220500,kirim,2026-03-02 11:45:31,2026-03-02 11:57:31
T00966,,P09,1,272000,batal,2026-03-02 10:47:52,2026-03-02 10:48:43
T00967,C074,P17,3,165000,Bayar,2026-03-02 15:27:50,2026-03-02 15:28:11
T00968,C082,P02,1,78000,Bayar,2026-03-02 15:17:38,2026-03-02 15:39:57
T00969,C016,P14,1,263500, Bayar,2026-03-02 10:06:08,2026-03-02 10:07:00
T00970,C081,P11,2,720000,bayar,2026-03-02 09:51:16,2026-03-02 09:51:18
T00971,C059,P03,1,34200,kirim,2026-03-02 13:12:16,2026-03-02 13:13:04
T00972,C049,P10,2,285000,KIRIM,2026-03-02 09:45:51,2026-03-02 09:46:07
T00973,C059,P01,3,32000,bayar,2026-03-02 13:48:38,2026-03-02 14:48:13
T00974,C027,P06,1,141750,bayar,2026-03-02 08:50:40,2026-03-02 08:51:35
T00975,C082,P03,2,38000,batal,2026-03-02 09:54:50,2026-03-02 09:55:15
T00976,C044,P19,3,66750,bayar,2026-03-02 13:44:43,2026-03-02 13:44:46
T00977,C066,P04,2,21000, Bayar,2026-03-02 09:45:19,2026-03-02 09:45:54
T00978,C017,P11,1,540000,kirim,2026-03-02 09:15:40,2026-03-02 09:16:27
T00979,C056,P18,1,165750,kirim,2026-03-02 13:56:02,2026-03-02 13:56:50
T00980,C040,P09,1,320000, kirim ,2026-03-02 11:34:32,2026-03-02 11:35:23
T00981,C014,P14,1,263500,BAYAR ,2026-03-02 13:25:40,2026-03-02 13:26:33
T00982,C033,P03,1,36100,Batal,2026-03-02 12:05:26,2026-03-02 12:05:29
T00983,C028,P11,1,648000,BAYAR ,2026-03-02 11:54:30,2026-03-02 11:54:53
T00984,C073,P11,2,720000,bayar,2026-03-02 14:15:53,2026-03-02 14:16:15
T00985,C086,P17,1,140250, kirim ,2026-03-02 09:58:45,2026-03-02 09:59:03
T00986,C006,P11,3,612000,bayar,2026-03-02 09:48:12,2026-03-02 09:49:04
T00987,C003,P11,1,720000,Bayar,2026-03-02 13:22:51,2026-03-02 13:23:28
T00988,C083,P13,1,288750,bayar,2026-03-02 08:20:12,2026-03-02 08:30:12
T00989,C072,P10,2,213750,bayar,2026-03-02 10:30:00,2026-03-02 10:30:23
T00990,C080,P15,1,245000,kirim,2026-03-02 12:29:25,2026-03-02 12:29:33
T00991,C012,P11,1,648000,bayar,2026-03-02 15:50:25,2026-03-02 15:50:53
T00992,C010,P09,1,272000,Batal,2026-03-02 15:08:41,2026-03-02 15:08:45
T00993,C097,P19,1,75650, kirim ,2026-03-02 12:11:36,2026-03-02 12:11:57
T00994,C036,P17,1,123750,BAYAR ,2026-03-02 10:11:21,2026-03-02 10:12:04
T00995,C095,P03,2,38000,kirim,2026-03-02 11:12:47,2026-03-02 11:13:03
T00996,C063,P01,1,32000, Bayar,2026-03-02 14:06:10,2026-03-02 14:07:03
T00997,C017,P15,1,220500,Bayar,2026-03-02 13:57:52,2026-03-02 13:58:25
T00998,C055,P17,1,156750,bayar,2026-03-02 09:50:52,2026-03-02 09:51:05
T00999,C004,P04,1,15750, Bayar,2026-03-02 10:11:22,2026-03-02 10:11:52
T01000,C056,P03,1,38000,Bayar,2026-03-02 11:13:33,2026-03-02 11:13:43
T01001,C052,P13,1,365750,Bayar,2026-03-02 14:39:46,2026-03-02 14:44:04
T01002,C007,P02,2,74100,BAYAR ,2026-03-02 13:52:59,2026-03-02 13:53:07
T01003,C013,P08,1,521550,Bayar,2026-03-02 13:38:43,2026-03-02 13:39:09
T01004,C001,P12,1,937500, Bayar,2026-03-02 13:47:49,2026-03-02 13:48:28
T01005,C059,P06,1,189000,Bayar,2026-03-02 10:52:05,2026-03-02 10:52:16
T01005,C059,P06,1,189000,Bayar,2026-03-02 10:52:05,2026-03-02 10:52:16
T01006,,P09,1,240000, kirim ,2026-03-02 08:42:02,2026-03-02 08:42:51
T01007,C030,P02,1,78000,batal,2026-03-02 15:27:14,2026-03-02 15:27:58
T01008,C033,P11,1,684000,Batal,2026-03-02 12:07:11,2026-03-02 12:07:34
T01009,C077,P10,1,270750, kirim ,2026-03-02 14:27:50,2026-03-02 14:28:24
T01010,C046,P05,1,75000,Batal,2026-03-02 11:44:05,2026-03-02 11:56:20
T01011,C087,P07,1,198750, kirim ,2026-03-02 11:26:19,2026-03-02 11:26:37
T01012,C036,P12,1,1250000,Batal,2026-03-02 11:00:52,2026-03-02 11:01:19
T01013,C015,P15,3,183750,BAYAR ,2026-03-02 13:09:28,2026-03-02 13:37:59
T01014,C037,P10,1,270750,bayar,2026-03-02 13:40:40,2026-03-02 13:40:51
T01015,C046,P19,1,89000,bayar,2026-03-02 09:07:24,2026-03-02 09:07:44
T01016,C072,P10,1,285000,Batal,2026-03-02 15:08:51,2026-03-02 15:21:12
T01017,C061,P14,3,310000,Bayar,2026-03-02 13:19:36,2026-03-02 13:25:33
T01018,C073,P04,1,18900,BAYAR ,2026-03-02 10:22:40,2026-03-02 10:33:51
T01019,C039,P05,1,56250,BAYAR ,2026-03-02 11:47:21,2026-03-02 11:47:41
T01020,C065,P14,3,279000,KIRIM,2026-03-02 08:52:27,2026-03-02 08:52:56
T01021,C099,P14,1,310000, Bayar,2026-03-02 12:11:55,2026-03-02 12:12:31
T01022,C007,P12,2,1062500,kirim,2026-03-02 09:09:30,2026-03-02 09:10:07
T01022,C007,P12,2,1062500,kirim,2026-03-02 09:09:30,2026-03-02 09:10:07
T01023,C084,P17,1,165000, Bayar,2026-03-02 12:11:20,2026-03-02 12:11:26
T01024,C092,P02,1,78000,BAYAR ,2026-03-02 09:06:19,2026-03-02 09:07:03
T01025,C039,P05,1,75000,KIRIM,2026-03-02 10:02:05,2026-03-02 10:14:00
T01026,C032,P03,1,28500,bayar,2026-03-02 08:00:01,2026-03-02 08:00:09
T01027,C031,P02,2,74100,Batal,2026-03-02 09:06:31,2026-03-02 09:07:02
T01028,C096,P14,1,310000,BAYAR ,2026-03-02 09:19:52,2026-03-02 09:20:04
T01029,C050,P04,1,21000,Bayar,2026-03-02 13:21:32,2026-03-02 13:22:15
T01030,C075,P01,1,24000,bayar,2026-03-02 10:34:47,2026-03-02 10:35:24
T01031,C021,P05,1,75000, Bayar,2026-03-02 12:15:32,2026-03-02 12:24:21
T01032,C093,P17,1,123750,BAYAR ,2026-03-02 08:34:16,2026-03-02 08:34:26
T01033,C049,P10,3,285000, kirim ,2026-03-02 11:35:08,2026-03-02 11:36:02
T01034,C075,P17,1,140250,bayar,2026-03-02 10:21:34,2026-03-02 10:21:55
T01035,C087,P06,1,189000,BAYAR ,2026-03-02 10:06:32,2026-03-02 10:06:39
T01036,C033,P13,1,385000,Bayar,2026-03-02 14:52:46,2026-03-02 15:08:51
T01037,C018,P01,3,32000,BAYAR ,2026-03-02 09:35:03,2026-03-02 09:35:48
T01038,C068,P10,2,285000,bayar,2026-03-02 10:03:09,2026-03-02 10:03:20
T01039,C047,P04,2,21000,Batal,2026-03-02 09:51:09,2026-03-02 09:51:18
T01040,C061,P17,1,148500,BAYAR ,2026-03-02 12:30:58,2026-03-02 12:31:12
T01041,C067,P13,1,385000,Bayar,2026-03-02 15:57:18,2026-03-02 15:57:24
T01042,C033,P11,1,648000,batal,2026-03-02 08:12:18,2026-03-02 08:12:37
T01043,C079,P10,1,242250, kirim ,2026-03-02 08:40:50,2026-03-02 08:41:06
T01044,C005,P04,1,19950,kirim,2026-03-02 13:18:16,2026-03-02 13:18:33
T01045,C097,P05,1,75000,BAYAR ,2026-03-02 09:51:32,2026-03-02 09:52:19
T01046,C045,P19,3,75650, kirim ,2026-03-02 13:33:08,2026-03-02 13:33:57
T01047,C014,P18,1,195000, kirim ,2026-03-02 12:21:28,2026-03-02 12:41:05
T01048,C026,P08,1,466650, kirim ,2026-03-02 08:11:42,2026-03-02 08:27:08
T01048,C026,P08,1,466650, kirim ,2026-03-02 08:11:42,2026-03-02 08:27:08
T01049,C056,P16,2,125000,kirim,2026-03-02 08:28:28,2026-03-02 08:28:53
T01050,C031,P12,1,1250000,batal,2026-03-02 11:12:07,2026-03-02 11:12:35
T01051,C093,P18,1,195000,bayar,2026-03-02 13:10:13,2026-03-02 13:11:05
T01052,C032,P10,3,285000, kirim ,2026-03-02 08:23:52,2026-03-02 08:24:31
T01053,C091,P03,2,34200,BAYAR ,2026-03-02 08:41:42,2026-03-02 08:42:17
T01054,C035,P12,1,1250000,bayar,2026-03-02 15:06:05,2026-03-02 15:06:47
T01055,C067,P20,1,430000,batal,2026-03-02 12:25:32,2026-03-02 12:25:46
T01056,C098,P05,1,75000,bayar,2026-03-02 08:19:35,2026-03-02 08:46:30
T01057,C008,P09,1,272000,pending,2026-03-02 13:21:15,2026-03-02 13:22:08
T01058,C069,P02,1,74100,kirim,2026-03-02 10:02:34,2026-03-02 10:02:46
T01059,C034,P01,2,32000,batal,2026-03-02 13:32:27,2026-03-02 13:32:49
T01060,C097,P14,1,310000,Batal,2026-03-02 15:52:48,2026-03-02 15:53:35
T01061,C074,P10,2,270750,BAYAR ,2026-03-02 15:48:51,2026-03-02 16:37:06
T01062,C036,P08,1,549000, kirim ,2026-03-02 09:12:01,2026-03-02 09:17:48
T01063,C084,P02,2,78000,kirim,2026-03-02 13:36:10,2026-03-02 13:36:28
T01064,C002,P09,1,288000,Bayar,2026-03-02 15:42:53,2026-03-02 15:43:23
T01065,C079,P14,1,310000,Bayar,2026-03-02 08:31:59,2026-03-02 08:32:05
T01066,C023,P09,1,320000,BAYAR ,2026-03-02 10:21:44,2026-03-02 10:24:54
T01067,C092,P99,1,156750, Bayar,2026-03-02 15:49:59,2026-03-02 15:50:20
T01068,C057,P02,1,78000,BAYAR ,2026-03-02 13:27:59,2026-03-02 13:28:06
T01069,C042,P14,1,279000, Bayar,2026-03-02 08:38:59,2026-03-02 08:39:18
T01070,C021,P12,1,1187500,kirim,2026-03-02 12:17:03,2026-03-02 12:37:04
T01070,C021,P12,1,1187500,kirim,2026-03-02 12:17:03,2026-03-02 12:37:04
T01071,C095,P20,1,387000,kirim,2026-03-02 09:55:29,2026-03-02 09:56:02
T01072,C010,P05,3,75000,Bayar,2026-03-02 11:28:07,2026-03-02 11:28:49
T01073,C067,P17,1,156750,kirim,2026-03-02 15:15:55,2026-03-02 15:16:26
T01074,C030,P08,1,549000,batal,2026-03-02 10:59:30,2026-03-02 11:00:20
T01075,C047,P14,1,310000,Bayar,2026-03-02 11:17:38,2026-03-02 11:18:14
T01076,C086,P05,1,71250,KIRIM,2026-03-02 12:53:36,2026-03-02 12:54:03
T01077,C081,P14,2,310000,BAYAR ,2026-03-02 11:49:56,2026-03-02 11:50:06
T01077,C081,P14,2,310000,BAYAR ,2026-03-02 11:49:56,2026-03-02 11:50:06
T01078,C061,P04,2,21000,kirim,2026-03-02 11:48:37,2026-03-02 11:49:13
T01078,C061,P04,2,21000,kirim,2026-03-02 11:48:37,2026-03-02 11:49:13
T01079,C055,P06,1,160650,batal,2026-03-02 08:39:52,2026-03-02 08:40:26
T01080,C006,P11,1,648000,Batal,2026-03-02 13:23:01,2026-03-02 13:23:08
T01081,C024,P14,2,310000,BAYAR ,2026-03-02 10:37:59,2026-03-02 10:38:44
T01082,C023,P12,1,1187500,bayar,2026-03-02 14:08:02,2026-03-02 14:08:27
T01083,C055,P02,1,66300, Bayar,2026-03-02 13:08:05,2026-03-02 13:08:39
T01084,C067,P02,1,70200,bayar,2026-03-02 15:24:32,2026-03-02 15:52:00
T01085,C037,P10,3,270750,batal,2026-03-02 10:29:33,2026-03-02 10:29:48
T01086,C022,P05,0,75000,BAYAR ,2026-03-02 08:52:24,2026-03-02 08:53:18
T01087,C059,P10,1,285000,bayar,2026-03-02 13:11:55,2026-03-02 13:12:24
T01088,C015,P09,3,320000, kirim ,2026-03-02 08:47:26,2026-03-02 08:53:11
T01089,C095,P11,1,720000, Bayar,2026-03-02 09:25:35,2026-03-02 09:25:53
T01090,C072,P04,1,21000,bayar,2026-03-02 14:25:04,2026-03-02 14:25:25
T01091,C024,P08,2,521550,BAYAR ,2026-03-02 14:07:44,2026-03-02 14:08:15
T01092,C009,P99,1,165000,BAYAR ,2026-03-02 15:48:07,2026-03-02 15:48:21
T01093,C024,P19,2,89000, Bayar,2026-03-02 10:08:11,2026-03-02 10:08:42
T01094,C029,P13,1,365750,Bayar,2026-03-02 13:26:30,2026-03-02 13:27:01
T01095,C045,P14,1,310000,KIRIM,2026-03-02 09:03:15,2026-03-02 09:03:36
T01096,C065,P20,1,365500,bayar,2026-03-02 11:45:00,2026-03-02 11:45:02
T01097,C034,P11,2,684000,Bayar,2026-03-02 11:44:35,2026-03-02 11:45:04
T01098,C022,P02,1,78000, Bayar,2026-03-02 10:48:29,2026-03-02 10:48:44
T01099,C046,P01,2,32000, kirim ,2026-03-02 15:18:13,2026-03-02 15:19:03
T01100,C092,P18,1,195000, Bayar,2026-03-02 09:48:22,2026-03-02 10:46:58
T01101,C068,P08,1,466650,KIRIM,2026-03-02 08:07:26,2026-03-02 08:07:28
T01102,C035,P01,2,27200,Bayar,2026-03-02 10:05:36,2026-03-02 10:06:21
T01103,,P09,2,272000,bayar,2026-03-02 15:50:45,2026-03-02 15:50:50
T01104,C040,P19,2,75650,bayar,2026-03-02 15:12:52,2026-03-02 15:13:46
T01105,C038,P04,1,21000,Bayar,2026-03-02 10:24:19,2026-03-02 10:49:09
T01106,C094,P18,1,175500,batal,2026-03-02 12:36:40,2026-03-02 12:36:42
T01107,C073,P01,1,30400, Bayar,2026-03-02 11:37:00,2026-03-02 11:37:29
T01108,C063,P03,1,38000,kirim,2026-03-02 08:52:05,2026-03-02 08:52:19
T01109,C099,P17,1,140250, Bayar,2026-03-02 14:34:52,2026-03-02 14:35:41
T01110,C001,P02,1,78000,Bayar,2026-03-02 10:55:33,2026-03-02 10:56:12
T01111,C095,P08,3,549000,bayar,2026-03-02 10:55:45,2026-03-02 10:56:16
T01112,C022,P05,1,75000,kirim,2026-03-02 14:53:21,2026-03-02 14:53:55
T01113,C002,P17,1,140250, Bayar,2026-03-02 12:26:04,2026-03-02 12:26:40
T01114,C022,P09,1,320000, Bayar,2026-03-02 12:45:20,2026-03-02 12:45:44
T01115,C018,P15,1,183750,kirim,2026-03-02 09:55:01,2026-03-02 10:22:45
T01116,C025,P16,1,125000,Bayar,2026-03-02 08:36:37,2026-03-02 09:06:48
T01117,C029,P15,1,245000,kirim,2026-03-02 13:24:39,2026-03-02 13:25:02
T01118,C052,P14,3,310000,kirim,2026-03-02 13:19:11,2026-03-02 13:19:35
T01119,C067,P07,1,225250, Bayar,2026-03-02 10:32:54,2026-03-02 10:33:31
T01120,,P20,2,430000,kirim,2026-03-02 10:31:24,2026-03-02 10:58:58
T01121,C001,P03,1,38000,BAYAR ,2026-03-02 15:18:44,2026-03-02 15:18:54
T01122,C072,P16,1,106250,Bayar,2026-03-02 10:58:38,2026-03-02 10:59:27
T01123,C022,P11,3,684000, kirim ,2026-03-02 12:49:49,2026-03-02 12:50:28
T01124,C072,P99,2,220500,kirim,2026-03-02 12:27:39,2026-03-02 12:27:56
T01125,C025,P12,1,1250000,bayar,2026-03-02 14:37:51,2026-03-02 14:38:31
T01126,C048,P99,2,265000, Bayar,2026-03-02 08:03:03,2026-03-02 08:03:25
T01127,C081,P13,1,385000,Bayar,2026-03-02 08:23:59,2026-03-02 09:18:01
T01128,C014,P16,1,125000, kirim ,2026-03-02 09:34:54,2026-03-02 09:35:36
T01129,C016,P06,1,189000, Bayar,2026-03-02 15:55:38,2026-03-02 15:58:02
T01130,C087,P07,2,238500,BAYAR ,2026-03-02 13:57:46,2026-03-02 13:57:48
T01131,C086,P12,1,1250000,BAYAR ,2026-03-02 12:41:59,2026-03-02 12:42:42
T01132,C026,P09,1,272000,BAYAR ,2026-03-02 08:45:51,2026-03-02 08:45:54
T01133,C060,P01,1,32000,Bayar,2026-03-02 10:49:56,2026-03-02 10:50:19
T01134,C003,P06,2,189000,BAYAR ,2026-03-02 14:38:25,2026-03-02 14:38:46
T01135,C025,P08,2,549000,Batal,2026-03-02 10:48:05,2026-03-02 10:48:47
T01136,C025,P06,1,189000,BAYAR ,2026-03-02 10:32:21,2026-03-02 10:32:42
T01137,C045,P15,2,183750,pending,2026-03-02 10:24:28,2026-03-02 10:24:51
T01138,C088,P19,2,89000, Bayar,2026-03-02 09:55:02,2026-03-02 10:39:50
T01139,C060,P09,1,320000,BAYAR ,2026-03-02 08:49:33,2026-03-02 08:49:47
T01140,C005,P11,1,720000, Bayar,2026-03-02 11:23:18,2026-03-02 11:24:01
T01140,C005,P11,1,720000, Bayar,2026-03-02 11:23:18,2026-03-02 11:24:01
T01141,C024,P14,2,294500,batal,2026-03-02 12:19:41,2026-03-02 12:20:23
T01142,C089,P01,1,27200,Bayar,2026-03-02 11:59:45,2026-03-02 12:00:15
T01143,C006,P12,3,1250000,bayar,2026-03-02 13:28:11,2026-03-02 13:28:55
T01144,C039,P19,2,89000,BAYAR ,2026-03-02 11:38:51,2026-03-02 11:39:02
T01145,,P02,1,78000,Bayar,2026-03-02 08:49:22,2026-03-02 08:50:12
T01146,C027,P06,1,189000,BAYAR ,2026-03-02 10:44:32,2026-03-02 10:44:44
T01147,C071,P12,1,1250000,Bayar,2026-03-02 08:02:42,2026-03-02 08:03:05
T01148,C098,P08,3,466650, Bayar,2026-03-02 14:56:43,2026-03-02 15:04:19
T01149,C086,P14,2,310000,BAYAR ,2026-03-02 13:26:00,2026-03-02 13:26:05
T01150,C079,P08,1,466650,kirim,2026-03-02 11:21:35,2026-03-02 11:22:08
T01151,C050,P07,1,225250,BAYAR ,2026-03-02 08:24:09,2026-03-02 08:24:37
T01152,C051,P16,1,125000,Bayar,2026-03-02 08:19:01,2026-03-02 08:19:28
T01153,C021,P04,1,17850, kirim ,2026-03-02 13:58:11,2026-03-02 14:12:53
T01154,C095,P13,1,288750, Bayar,2026-03-02 11:50:43,2026-03-02 11:51:03
T01155,C069,P99,2,195000,batal,2026-03-02 11:19:15,2026-03-02 11:19:27
T01156,C037,P20,1,322500,Bayar,2026-03-02 14:37:22,2026-03-02 14:45:47
T01157,C004,P12,1,1250000, Bayar,2026-03-02 10:17:48,2026-03-02 10:18:32
T01157,C004,P12,1,1250000, Bayar,2026-03-02 10:17:48,2026-03-02 10:18:32
T01158,C094,P11,1,612000,BAYAR ,2026-03-02 10:42:34,2026-03-02 10:43:13
T01159,C036,P05,1,56250,BAYAR ,2026-03-02 14:36:55,2026-03-02 14:37:27
T01160,C005,P17,1,165000,Bayar,2026-03-02 13:10:47,2026-03-02 13:10:52
T01161,C024,P11,3,684000,bayar,2026-03-02 13:47:44,2026-03-02 13:48:12
T01162,C079,P04,1,21000,batal,2026-03-02 15:13:26,2026-03-02 15:13:43
T01163,C065,P14,1,263500,BAYAR ,2026-03-02 10:30:04,2026-03-02 10:30:54
T01164,C036,P14,1,279000,kirim,2026-03-02 09:53:07,2026-03-02 09:53:34
T01164,C036,P14,1,279000,kirim,2026-03-02 09:53:07,2026-03-02 09:53:34
T01165,C078,P11,2,612000, kirim ,2026-03-02 10:00:43,2026-03-02 10:01:02
T01166,C057,P16,1,93750,BAYAR ,2026-03-02 13:04:33,2026-03-02 13:04:55
T01167,C011,P13,1,346500,kirim,2026-03-02 10:19:38,2026-03-02 10:20:21
T01168,C060,P12,1,1250000, Bayar,2026-03-02 10:46:02,2026-03-02 10:46:23
T01169,C031,P01,1,32000,KIRIM,2026-03-02 14:50:21,2026-03-02 15:14:50
T01170,C023,P04,2,17850,Bayar,2026-03-02 11:36:07,2026-03-02 11:36:15
T01171,C086,P20,2,387000, kirim ,2026-03-02 10:32:18,2026-03-02 10:32:42
T01172,C058,P13,1,385000,KIRIM,2026-03-02 12:30:14,2026-03-02 12:30:33
T01173,C013,P11,1,612000,KIRIM,2026-03-02 14:56:39,2026-03-02 14:56:51
T01174,C011,P20,1,365500,bayar,2026-03-02 10:02:26,2026-03-02 10:03:06
T01175,C003,P19,2,75650,batal,2026-03-02 13:41:36,2026-03-02 13:41:42
T01176,C092,P12,3,1125000,BAYAR ,2026-03-02 14:34:53,2026-03-02 14:38:52
T01177,C057,P07,3,265000,KIRIM,2026-03-02 13:15:26,2026-03-02 13:15:42
T01178,C093,P20,3,430000,bayar,2026-03-02 15:37:35,2026-03-02 15:37:46
T01179,C034,P17,2,165000, kirim ,2026-03-02 12:16:47,2026-03-02 12:18:59
T01180,C008,P18,1,165750, kirim ,2026-03-02 14:30:21,2026-03-02 14:30:52
T01181,C014,P17,1,156750, kirim ,2026-03-02 13:43:39,2026-03-02 13:44:07
T01182,C032,P06,2,189000, Bayar,2026-03-02 11:20:08,2026-03-02 11:20:30
T01183,C097,P03,1,36100, kirim ,2026-03-02 12:10:15,2026-03-02 12:19:38
T01184,C019,P09,1,320000,kirim,2026-03-02 13:10:19,2026-03-02 13:10:22
T01185,C040,P10,1,213750, Bayar,2026-03-02 10:47:28,2026-03-02 11:05:10
T01186,C082,P05,1,75000, Bayar,2026-03-02 09:20:01,2026-03-02 09:20:56
T01186,C082,P05,1,75000, Bayar,2026-03-02 09:20:01,2026-03-02 09:20:56
T01187,C080,P12,2,1125000,BAYAR ,2026-03-02 14:33:50,2026-03-02 14:34:24
T01188,C068,P17,0,123750,KIRIM,2026-03-02 11:24:27,2026-03-02 11:24:59
T01189,C094,P10,2,285000, Bayar,2026-03-02 09:52:44,2026-03-02 09:53:02
T01190,C068,P01,2,32000,KIRIM,2026-03-02 15:38:44,2026-03-02 15:39:37
T01191,C069,P04,2,21000,bayar,2026-03-02 10:59:57,2026-03-02 11:00:15
T01192,C084,P08,2,549000, kirim ,2026-03-02 10:19:50,2026-03-02 10:20:02
T01193,C094,P20,2,430000,kirim,2026-03-02 10:25:08,2026-03-02 10:25:14
T01194,C013,P08,1,549000, Bayar,2026-03-02 10:13:13,2026-03-02 10:13:51
T01195,C070,P16,1,93750, Bayar,2026-03-02 09:03:34,2026-03-02 09:04:05
T01196,C076,P04,2,15750,kirim,2026-03-02 14:33:12,2026-03-02 14:47:28
T01197,C066,P09,1,304000, Bayar,2026-03-02 12:29:01,2026-03-02 12:29:23
T01198,C015,P09,3,320000,pending,2026-03-02 14:10:11,2026-03-02 14:10:31
T01199,C057,P06,1,189000,BAYAR ,2026-03-02 08:35:48,2026-03-02 08:36:32
T01200,C061,P07,1,251750, kirim ,2026-03-02 10:47:46,2026-03-02 10:48:07
T01201,C021,P11,1,720000,KIRIM,2026-03-02 09:25:24,2026-03-02 09:25:50
T01202,C034,P20,1,408500, Bayar,2026-03-02 15:10:45,2026-03-02 15:11:32
T01203,C073,P12,1,1062500,bayar,2026-03-02 15:32:52,2026-03-02 15:33:21
T01204,C099,P14,1,310000,batal,2026-03-02 11:13:07,2026-03-02 11:13:16
T01205,C072,P12,1,1250000,BAYAR ,2026-03-02 08:12:55,2026-03-02 08:13:46
T01206,C062,P09,3,240000,bayar,2026-03-02 08:58:20,2026-03-02 08:58:31
T01207,C008,P16,1,112500, Bayar,2026-03-02 10:16:26,2026-03-02 10:17:05
T01208,C100,P10,2,285000,BAYAR ,2026-03-02 09:00:38,2026-03-02 09:01:26
T01209,C098,P18,1,185250,bayar,2026-03-02 08:48:03,2026-03-02 08:48:24
T01210,C028,P11,1,540000,BAYAR ,2026-03-02 15:46:05,2026-03-02 15:46:55
T01211,C083,P09,1,272000,Bayar,2026-03-02 10:19:27,2026-03-02 10:19:29
T01212,C005,P02,3,70200,Bayar,2026-03-02 12:39:45,2026-03-02 12:40:22
T01213,C100,P03,1,38000,batal,2026-03-02 14:41:05,2026-03-02 14:41:11
T01214,C036,P07,1,265000, Bayar,2026-03-02 14:50:38,2026-03-02 14:51:22
T01215,C056,P11,2,612000, kirim ,2026-03-02 12:07:58,2026-03-02 12:08:43
T01216,C034,P13,2,346500,Bayar,2026-03-02 08:10:18,2026-03-02 08:10:39
T01217,C020,P19,1,89000,kirim,2026-03-02 11:13:41,2026-03-02 11:26:53
T01218,C070,P18,1,195000,KIRIM,2026-03-02 13:28:43,2026-03-02 13:44:23
T01219,C030,P07,3,265000,pending,2026-03-02 09:50:09,2026-03-02 09:50:37
T01220,C027,P13,1,288750,KIRIM,2026-03-02 08:13:53,2026-03-02 08:14:41
T01221,C065,P13,2,385000,batal,2026-03-02 13:22:20,2026-03-02 13:22:26
T01222,C054,P16,1,125000,Batal,2026-03-02 14:44:29,2026-03-02 14:45:17
T01223,C013,P15,1,232750,bayar,2026-03-02 08:08:49,2026-03-02 08:09:41
T01224,C050,P10,2,285000,KIRIM,2026-03-02 10:05:15,2026-03-02 10:38:07
T01225,C017,P02,1,78000,Bayar,2026-03-02 09:16:51,2026-03-02 09:17:03
T01226,C054,P07,2,225250,BAYAR ,2026-03-02 15:53:08,2026-03-02 15:53:27
T01227,C015,P05,2,75000,Bayar,2026-03-02 14:45:12,2026-03-02 14:45:55
T01228,C004,P12,1,937500,bayar,2026-03-02 15:39:31,2026-03-02 15:39:52
T01229,C068,P14,1,310000,bayar,2026-03-02 08:25:23,2026-03-02 08:26:12
T01230,C054,P14,2,232500,BAYAR ,2026-03-02 08:36:13,2026-03-02 08:36:44
T01231,C085,P01,1,32000,Bayar,2026-03-02 10:50:04,2026-03-02 10:50:21
T01232,C019,P19,1,89000,bayar,2026-03-02 09:47:11,2026-03-02 09:47:44
T01233,C085,P20,1,322500, Bayar,2026-03-02 08:57:28,2026-03-02 08:57:45
T01234,C005,P14,2,263500, kirim ,2026-03-02 11:24:40,2026-03-02 11:25:18
T01235,C031,P06,1,170100,kirim,2026-03-02 08:07:49,2026-03-02 08:07:52
T01236,C052,P12,1,1250000,Batal,2026-03-02 09:42:32,2026-03-02 09:43:25
T01237,C044,P04,1,21000, Bayar,2026-03-02 14:46:50,2026-03-02 14:47:40
T01238,C098,P18,1,195000,KIRIM,2026-03-02 12:09:12,2026-03-02 12:09:55
T01238,C098,P18,1,195000,KIRIM,2026-03-02 12:09:12,2026-03-02 12:09:55
T01239,C016,P18,1,185250,kirim,2026-03-02 09:08:56,2026-03-02 09:09:26
T01240,C065,P14,1,310000,batal,2026-03-02 13:02:10,2026-03-02 13:34:59
T01241,C100,P01,1,32000, Bayar,2026-03-02 09:48:30,2026-03-02 09:48:53
T01242,C082,P17,1,165000, kirim ,2026-03-02 09:31:04,2026-03-02 09:31:11
T01243,C052,P20,1,365500,Bayar,2026-03-02 11:51:34,2026-03-02 11:57:19
T01244,C040,P10,1,285000,bayar,2026-03-02 08:00:11,2026-03-02 08:00:57
T01245,C032,P16,1,125000,Batal,2026-03-02 15:29:09,2026-03-02 15:30:01
T01246,C052,P12,1,1250000,BAYAR ,2026-03-02 08:38:31,2026-03-02 08:38:49
T01247,C014,P11,2,540000,BAYAR ,2026-03-02 08:05:52,2026-03-02 08:06:26
T01248,C097,P04,2,18900, Bayar,2026-03-02 12:55:35,2026-03-02 12:56:05
T01249,C091,P09,1,240000, Bayar,2026-03-02 09:01:37,2026-03-02 09:02:05
T01250,C086,P20,1,365500,KIRIM,2026-03-02 13:27:09,2026-03-02 13:32:16
T01251,C082,P09,1,272000,Batal,2026-03-02 15:40:01,2026-03-02 15:40:19
T01252,C029,P04,1,19950,bayar,2026-03-02 14:29:26,2026-03-02 14:29:42
T01253,C067,P16,2,106250,bayar,2026-03-02 13:06:12,2026-03-02 13:06:49
T01254,C075,P04,1,17850,Bayar,2026-03-02 13:14:22,2026-03-02 13:15:11
T01255,C052,P15,2,208250,bayar,2026-03-02 15:45:25,2026-03-02 15:45:59
T01256,C094,P11,1,684000,KIRIM,2026-03-02 08:53:57,2026-03-02 08:54:24
T01257,C090,P08,3,521550,BAYAR ,2026-03-02 10:31:04,2026-03-02 10:31:08
T01258,C100,P18,2,146250,kirim,2026-03-02 13:54:03,2026-03-02 13:54:29
T01259,C012,P08,1,494100,Batal,2026-03-02 10:52:52,2026-03-02 10:52:59
T01260,C057,P07,2,265000,BAYAR ,2026-03-02 10:24:33,2026-03-02 10:33:50
T01261,C038,P19,2,89000,KIRIM,2026-03-02 10:49:35,2026-03-02 11:02:32
T01262,C034,P03,1,34200, Bayar,2026-03-02 08:49:26,2026-03-02 08:50:09
T01263,C038,P04,1,21000,KIRIM,2026-03-02 15:41:29,2026-03-02 16:10:23
T01264,C004,P02,1,78000,batal,2026-03-02 10:14:17,2026-03-02 10:15:00
T01265,C079,P07,1,198750,Batal,2026-03-02 09:19:23,2026-03-02 09:19:39
T01266,C081,P07,1,225250, Bayar,2026-03-02 11:45:11,2026-03-02 11:45:45
T01267,C046,P09,1,320000, Bayar,2026-03-02 11:55:33,2026-03-02 11:55:49
T01268,C065,P08,2,494100,bayar,2026-03-02 15:14:28,2026-03-02 15:14:37
T01269,C029,P12,1,1250000,KIRIM,2026-03-02 14:31:53,2026-03-02 14:32:29
T01270,C058,P14,1,310000, Bayar,2026-03-02 08:35:18,2026-03-02 08:53:13
T01271,C033,P03,3,38000,Bayar,2026-03-02 14:12:28,2026-03-02 14:13:15
T01272,C090,P05,1,67500,BAYAR ,2026-03-02 11:36:24,2026-03-02 11:36:53
T01273,C001,P14,3,310000, Bayar,2026-03-02 09:18:46,2026-03-02 09:19:30
T01274,C094,P03,1,38000,pending,2026-03-02 13:35:14,2026-03-02 13:35:41
T01275,C088,P11,1,612000,Bayar,2026-03-02 08:48:39,2026-03-02 08:49:05
T01276,C056,P11,2,540000,bayar,2026-03-02 09:39:56,2026-03-02 09:40:19
T01277,C058,P08,2,521550,bayar,2026-03-02 11:11:48,2026-03-02 12:03:24
T01278,C068,P18,1,175500,Bayar,2026-03-02 08:32:18,2026-03-02 08:32:25
T01279,C025,P19,1,66750,batal,2026-03-02 13:07:40,2026-03-02 13:07:45
T01280,C074,P04,1,15750,BAYAR ,2026-03-02 15:56:16,2026-03-02 15:56:26
T01281,C016,P15,2,232750,Batal,2026-03-02 08:16:34,2026-03-02 08:17:09
T01282,C078,P19,1,80100,Bayar,2026-03-02 12:43:09,2026-03-02 12:43:16
T01283,C009,P13,1,346500,kirim,2026-03-02 15:08:12,2026-03-02 15:08:20
T01284,C062,P07,2,265000,bayar,2026-03-02 15:13:39,2026-03-02 15:14:02
T01285,C097,P17,1,165000, Bayar,2026-03-02 13:07:28,2026-03-02 13:08:03
T01286,C049,P07,1,265000,Bayar,2026-03-02 10:39:59,2026-03-02 11:02:15
T01287,C099,P20,1,430000, kirim ,2026-03-02 11:32:20,2026-03-02 11:33:11
T01288,C070,P03,1,34200,batal,2026-03-02 10:47:43,2026-03-02 11:01:28
T01289,C088,P10,2,285000, Bayar,2026-03-02 11:30:12,2026-03-02 11:30:47
T01290,C092,P07,1,265000,Batal,2026-03-02 08:53:52,2026-03-02 08:54:04
T01291,C015,P01,3,32000,batal,2026-03-02 08:24:42,2026-03-02 08:29:12
T01292,C052,P11,1,720000,BAYAR ,2026-03-02 09:36:41,2026-03-02 10:34:53
T01293,C084,P14,2,294500,Bayar,2026-03-02 14:11:35,2026-03-02 14:12:16
T01294,C063,P14,1,310000, kirim ,2026-03-02 11:25:57,2026-03-02 11:26:10
T01295,C015,P15,1,183750,bayar,2026-03-02 09:10:23,2026-03-02 09:10:38
T01296,C069,P09,1,304000,bayar,2026-03-02 14:11:51,2026-03-02 14:12:36
T01297,C067,P07,3,198750,Bayar,2026-03-02 08:47:14,2026-03-02 08:47:46
T01298,C031,P13,1,346500,KIRIM,2026-03-02 09:40:44,2026-03-02 09:41:29
T01299,C099,P02,1,70200,batal,2026-03-02 14:02:01,2026-03-02 14:30:06
T01300,C026,P11,2,720000,Bayar,2026-03-02 15:49:23,2026-03-02 16:07:22
T01301,C085,P17,2,165000,Bayar,2026-03-02 08:34:45,2026-03-02 08:35:26
T01302,C041,P17,1,165000,Bayar,2026-03-02 10:37:10,2026-03-02 10:37:20
T01302,C041,P17,1,165000,Bayar,2026-03-02 10:37:10,2026-03-02 10:37:20
T01303,C014,P06,0,189000,Bayar,2026-03-02 14:35:26,2026-03-02 14:56:45
T01304,C073,P19,1,89000, kirim ,2026-03-02 09:05:20,2026-03-02 09:19:20
T01305,C058,P19,2,89000,Bayar,2026-03-02 13:52:08,2026-03-02 13:52:52
T01306,C047,P15,1,232750,BAYAR ,2026-03-02 12:21:40,2026-03-02 12:25:16
T01307,C039,P09,1,240000,Bayar,2026-03-02 09:27:33,2026-03-02 09:27:35
T01308,C052,P08,1,466650,Bayar,2026-03-02 11:39:40,2026-03-02 11:40:21
T01309,C018,P13,2,385000,kirim,2026-03-02 12:13:08,2026-03-02 12:13:29
T01310,C060,P07,1,225250, Bayar,2026-03-02 15:57:06,2026-03-02 15:57:57
T01311,C100,P05,2,63750,bayar,2026-03-02 12:16:48,2026-03-02 12:17:30
T01312,C057,P06,1,189000,Bayar,2026-03-02 14:00:15,2026-03-02 14:00:49
T01313,C026,P19,1,80100,Bayar,2026-03-02 15:00:06,2026-03-02 15:00:32
T01314,C095,P16,1,125000,bayar,2026-03-02 10:52:41,2026-03-02 10:53:30
T01315,C041,P01,3,28800,kirim,2026-03-02 15:50:54,2026-03-02 15:57:33
T01316,C075,P10,2,213750,Batal,2026-03-02 15:39:07,2026-03-02 15:39:47
T01317,C020,P10,1,285000,Batal,2026-03-02 08:55:25,2026-03-02 08:55:36
T01318,C032,P16,3,125000,KIRIM,2026-03-02 14:22:13,2026-03-02 15:15:46
T01319,C076,P13,1,346500,KIRIM,2026-03-02 12:18:13,2026-03-02 12:18:24
T01320,C044,P01,3,28800,bayar,2026-03-02 12:28:34,2026-03-02 12:53:14
T01321,C026,P13,3,346500,Batal,2026-03-02 09:21:38,2026-03-02 09:22:29
T01322,C080,P03,2,32300,BAYAR ,2026-03-02 11:13:43,2026-03-02 11:14:35
T01323,C022,P17,1,165000, Bayar,2026-03-02 10:33:03,2026-03-02 11:03:51
T01324,C085,P11,1,720000,kirim,2026-03-02 08:22:05,2026-03-02 08:22:54
T01325,C061,P01,1,32000, Bayar,2026-03-02 14:41:12,2026-03-02 14:41:32
T01326,C044,P17,1,148500, Bayar,2026-03-02 15:46:11,2026-03-02 16:30:40
T01327,C086,P09,2,320000,bayar,2026-03-02 08:45:29,2026-03-02 08:57:56
T01328,C074,P04,0,21000,bayar,2026-03-02 10:12:41,2026-03-02 10:13:05
T01329,C081,P11,3,540000, Bayar,2026-03-02 15:55:13,2026-03-02 15:57:25
T01330,C011,P04,1,21000,batal,2026-03-02 08:30:40,2026-03-02 08:30:53
T01331,C068,P07,1,265000,Bayar,2026-03-02 08:27:18,2026-03-02 08:27:43
T01332,C065,P10,1,285000,BAYAR ,2026-03-02 14:39:31,2026-03-02 14:39:35
T01333,C025,P19,1,80100,kirim,2026-03-02 09:43:24,2026-03-02 09:44:09
T01334,C028,P19,1,80100, kirim ,2026-03-02 10:42:02,2026-03-02 10:42:35
T01334,C028,P19,1,80100, kirim ,2026-03-02 10:42:02,2026-03-02 10:42:35
T01335,C064,P09,1,320000,Bayar,2026-03-02 10:33:42,2026-03-02 10:33:47
T01336,C076,P15,2,220500,bayar,2026-03-02 08:06:33,2026-03-02 08:33:03
T01337,C064,P11,1,540000, Bayar,2026-03-02 12:06:11,2026-03-02 12:07:03
T01338,C060,P08,2,494100,Bayar,2026-03-02 13:20:42,2026-03-02 13:21:27
T01339,C004,P15,2,220500,Bayar,2026-03-02 09:23:23,2026-03-02 09:24:12
T01340,C023,P13,1,385000,kirim,2026-03-02 11:19:43,2026-03-02 11:20:34
T01341,C021,P05,1,71250,BAYAR ,2026-03-02 10:27:56,2026-03-02 10:27:58
T01342,C086,P16,1,125000,bayar,2026-03-02 11:56:23,2026-03-02 11:57:18
T01343,C028,P20,1,430000,Batal,2026-03-02 10:38:00,2026-03-02 10:38:34
T01344,C017,P10,1,256500, Bayar,2026-03-02 14:13:35,2026-03-02 14:14:15
T01345,C048,P12,1,1250000, Bayar,2026-03-02 13:08:44,2026-03-02 13:24:48
T01346,C072,P11,1,648000, kirim ,2026-03-02 13:46:10,2026-03-02 13:55:17
T01347,C079,P11,1,720000,KIRIM,2026-03-02 15:06:51,2026-03-02 15:07:06
T01348,C080,P11,1,540000,KIRIM,2026-03-02 12:39:03,2026-03-02 12:46:36
T01349,C099,P09,1,320000, Bayar,2026-03-02 08:36:33,2026-03-02 08:37:23
T01350,C080,P08,1,549000, Bayar,2026-03-02 10:01:58,2026-03-02 10:02:19
T01351,C083,P11,1,720000,KIRIM,2026-03-02 13:30:17,2026-03-02 13:34:41
T01352,C049,P07,1,265000, Bayar,2026-03-02 12:45:54,2026-03-02 12:46:13
T01353,C048,P01,1,32000,Bayar,2026-03-02 08:15:44,2026-03-02 08:16:33
T01354,C059,P20,1,322500,Batal,2026-03-02 12:02:33,2026-03-02 12:02:40
T01355,C048,P01,1,27200,bayar,2026-03-02 09:07:40,2026-03-02 09:08:01
T01356,C083,P13,1,385000, kirim ,2026-03-02 09:37:12,2026-03-02 09:38:06
T01357,C014,P05,1,75000,bayar,2026-03-02 12:31:15,2026-03-02 12:31:20
T01358,C052,P11,1,612000,Bayar,2026-03-02 08:44:19,2026-03-02 08:45:08
T01359,C034,P03,1,38000,bayar,2026-03-02 15:24:45,2026-03-02 15:24:56
T01360,C020,P08,3,549000, kirim ,2026-03-02 12:21:25,2026-03-02 12:21:40
T01361,C086,P13,2,327250,bayar,2026-03-02 08:10:30,2026-03-02 08:10:49
T01362,C011,P07,1,238500,BAYAR ,2026-03-02 10:05:20,2026-03-02 10:05:21
T01363,C048,P01,1,32000,BAYAR ,2026-03-02 13:42:47,2026-03-02 13:43:06
T01364,C037,P07,1,198750,Bayar,2026-03-02 10:58:37,2026-03-02 11:06:19
T01365,C073,P13,2,365750,BAYAR ,2026-03-02 15:19:26,2026-03-02 15:19:40
T01366,,P12,1,1250000, Bayar,2026-03-02 12:13:17,2026-03-02 12:13:58
T01367,C059,P07,3,265000,KIRIM,2026-03-02 12:32:50,2026-03-02 12:54:27
T01368,C080,P08,1,549000,KIRIM,2026-03-02 08:42:25,2026-03-02 08:42:26
T01369,C048,P13,1,385000,Bayar,2026-03-02 14:37:59,2026-03-02 14:38:10
T01370,C016,P09,1,304000,KIRIM,2026-03-02 11:48:00,2026-03-02 11:48:20
T01371,C004,P07,0,198750,batal,2026-03-02 09:05:42,2026-03-02 09:19:24
T01372,C035,P15,1,183750,bayar,2026-03-02 15:55:01,2026-03-02 16:07:52
T01373,C056,P03,2,32300,BAYAR ,2026-03-02 11:37:06,2026-03-02 11:37:08
T01374,C091,P02,1,58500,kirim,2026-03-02 13:58:35,2026-03-02 13:59:25
T01374,C091,P02,1,58500,kirim,2026-03-02 13:58:35,2026-03-02 13:59:25
T01375,C001,P09,3,320000,Bayar,2026-03-02 15:56:13,2026-03-02 15:56:58
T01376,C012,P08,1,411750,Bayar,2026-03-02 14:30:47,2026-03-02 14:30:51
T01377,C082,P12,1,1250000,Bayar,2026-03-02 14:36:36,2026-03-02 14:36:46
T01378,C087,P10,1,256500,Batal,2026-03-02 09:20:37,2026-03-02 09:21:26
T01379,C097,P05,1,75000,bayar,2026-03-02 11:01:45,2026-03-02 11:13:45
T01380,C021,P05,2,75000,kirim,2026-03-02 13:27:01,2026-03-02 13:27:42
T01381,C014,P14,1,294500,BAYAR ,2026-03-02 09:01:06,2026-03-02 09:49:40
T01382,C048,P11,1,612000, kirim ,2026-03-02 12:27:09,2026-03-02 12:27:56
T01383,C014,P19,1,66750,kirim,2026-03-02 11:11:45,2026-03-02 11:12:30
T01384,C014,P07,1,265000,Batal,2026-03-02 14:31:08,2026-03-02 14:31:59
T01385,C003,P07,1,265000,BAYAR ,2026-03-02 12:55:59,2026-03-02 12:56:52
T01386,C046,P03,1,38000, Bayar,2026-03-02 08:36:36,2026-03-02 08:36:44
T01387,C076,P10,1,213750,kirim,2026-03-02 11:54:01,2026-03-02 11:54:32
T01388,C069,P09,2,272000, Bayar,2026-03-02 14:22:38,2026-03-02 14:23:30
T01389,C012,P01,1,32000,kirim,2026-03-02 11:27:30,2026-03-02 11:28:02
T01390,C061,P04,1,19950,Bayar,2026-03-02 12:08:19,2026-03-02 12:08:41
T01391,C065,P01,1,32000,KIRIM,2026-03-02 14:13:27,2026-03-02 14:14:11
T01392,C090,P18,1,195000,Bayar,2026-03-02 13:57:00,2026-03-02 13:57:17
T01393,,P10,1,213750,kirim,2026-03-02 13:28:17,2026-03-02 13:28:25
T01394,C075,P02,2,78000, kirim ,2026-03-02 10:45:05,2026-03-02 10:45:27
T01395,C078,P04,1,15750,KIRIM,2026-03-02 08:55:27,2026-03-02 08:55:36
T01396,C070,P01,1,24000,bayar,2026-03-02 14:26:53,2026-03-02 14:27:38
T01397,C086,P14,1,263500, kirim ,2026-03-02 08:36:33,2026-03-02 08:36:50
T01398,C086,P05,1,67500, Bayar,2026-03-02 09:06:05,2026-03-02 09:06:11
T01399,C026,P06,0,189000,Bayar,2026-03-02 13:17:54,2026-03-02 13:18:30
T01400,C002,P01,1,32000, Bayar,2026-03-02 09:01:34,2026-03-02 09:01:52
T01401,C013,P07,1,265000,BAYAR ,2026-03-02 09:43:02,2026-03-02 09:43:33
T01402,C010,P05,1,75000,Bayar,2026-03-02 15:50:19,2026-03-02 15:50:50
T01403,C006,P08,2,466650,kirim,2026-03-02 15:32:11,2026-03-02 15:32:15
T01404,C096,P12,2,937500, kirim ,2026-03-02 11:33:24,2026-03-02 11:34:18
T01405,C077,P14,1,232500,bayar,2026-03-02 13:52:49,2026-03-02 14:04:39
T01406,C083,P03,1,36100,Bayar,2026-03-02 13:06:45,2026-03-02 13:07:35
T01407,C040,P11,2,540000,Bayar,2026-03-02 10:45:44,2026-03-02 10:46:23
T01408,C085,P19,2,89000,Bayar,2026-03-02 14:19:41,2026-03-02 14:20:25
T01409,C081,P11,1,684000, Bayar,2026-03-02 12:50:56,2026-03-02 12:51:37
T01410,C025,P11,2,612000,Batal,2026-03-02 10:10:45,2026-03-02 10:11:08
T01411,C099,P07,1,265000, Bayar,2026-03-02 14:59:36,2026-03-02 15:00:27
T01412,C093,P07,2,251750,BAYAR ,2026-03-02 15:15:49,2026-03-02 15:16:23
T01413,C032,P11,1,684000,Bayar,2026-03-02 09:39:59,2026-03-02 09:54:48
T01414,C051,P20,1,430000,KIRIM,2026-03-02 08:39:20,2026-03-02 08:39:45
T01415,C026,P18,1,165750,Bayar,2026-03-02 13:18:42,2026-03-02 13:19:15
T01416,C098,P13,2,385000,bayar,2026-03-02 10:51:01,2026-03-02 10:51:13
T01417,C096,P18,1,195000,bayar,2026-03-02 12:52:18,2026-03-02 12:53:09
T01418,C037,P01,1,32000,kirim,2026-03-02 09:00:51,2026-03-02 09:01:31
T01419,C071,P09,1,320000,BAYAR ,2026-03-02 13:01:48,2026-03-02 13:02:04
T01420,C095,P07,1,251750,Bayar,2026-03-02 12:55:50,2026-03-02 12:56:01
T01421,C023,P99,2,294500,bayar,2026-03-02 10:00:40,2026-03-02 10:01:20
T01422,C011,P20,1,322500,Bayar,2026-03-02 15:43:59,2026-03-02 15:44:13
T01423,C027,P20,2,322500,KIRIM,2026-03-02 14:49:58,2026-03-02 14:50:33
T01424,C057,P11,1,648000,BAYAR ,2026-03-02 08:11:18,2026-03-02 08:11:58
T01425,C046,P13,1,385000, Bayar,2026-03-02 09:31:57,2026-03-02 09:32:11
T01426,C090,P16,1,125000,Bayar,2026-03-02 08:13:15,2026-03-02 08:13:52
T01427,C012,P01,1,28800,batal,2026-03-02 12:28:07,2026-03-02 12:28:36
T01428,C083,P09,1,320000,kirim,2026-03-02 12:21:20,2026-03-02 12:21:35
T01429,C090,P08,1,521550,bayar,2026-03-02 08:49:08,2026-03-02 08:49:19
T01430,C024,P05,1,71250,BAYAR ,2026-03-02 10:40:06,2026-03-02 10:40:34
T01431,C095,P03,1,28500,KIRIM,2026-03-02 13:39:07,2026-03-02 13:39:49
T01432,C035,P07,2,265000, kirim ,2026-03-02 13:29:07,2026-03-02 13:29:12
T01433,C032,P12,2,1125000,batal,2026-03-02 14:34:58,2026-03-02 14:35:33
T01434,C022,P01,1,32000,BAYAR ,2026-03-02 12:33:33,2026-03-02 12:33:37
T01435,C023,P12,2,1250000,BAYAR ,2026-03-02 13:13:24,2026-03-02 13:13:54
T01436,C063,P03,1,32300,Bayar,2026-03-02 11:26:07,2026-03-02 11:26:26
T01437,C096,P17,1,156750, kirim ,2026-03-02 11:13:17,2026-03-02 11:13:54
T01438,C048,P16,2,125000,Bayar,2026-03-02 09:08:56,2026-03-02 09:09:10
T01439,C056,P01,2,32000,Bayar,2026-03-02 10:51:47,2026-03-02 10:52:36
T01440,C003,P05,2,56250, Bayar,2026-03-02 13:54:28,2026-03-02 13:54:54
T01441,C007,P15,1,245000,bayar,2026-03-02 11:22:55,2026-03-02 11:31:49
T01442,C038,P15,1,183750,bayar,2026-03-02 11:31:06,2026-03-02 11:39:29
T01443,C065,P16,1,125000,BAYAR ,2026-03-02 08:37:00,2026-03-02 08:37:13
T01444,C004,P02,1,70200,Bayar,2026-03-02 08:13:28,2026-03-02 08:14:09
T01445,C057,P12,2,1062500,bayar,2026-03-02 08:27:48,2026-03-02 08:28:26
T01446,C049,P19,1,66750,Batal,2026-03-02 12:36:18,2026-03-02 12:36:28
T01447,C006,P07,1,265000,BAYAR ,2026-03-02 08:50:53,2026-03-02 08:51:11
T01448,C073,P14,1,310000,bayar,2026-03-02 15:16:37,2026-03-02 15:16:47
T01449,C060,P02,2,78000,Bayar,2026-03-02 10:25:00,2026-03-02 10:25:51
T01450,C034,P11,1,648000, kirim ,2026-03-02 13:36:51,2026-03-02 13:37:15
T01451,C032,P19,1,89000,Bayar,2026-03-02 12:44:00,2026-03-02 12:44:52
T01452,C007,P17,3,156750,Batal,2026-03-02 10:44:09,2026-03-02 10:44:56
T01453,C020,P08,3,494100,Bayar,2026-03-02 15:41:12,2026-03-02 15:41:28
T01454,C085,P11,1,648000,kirim,2026-03-02 10:43:20,2026-03-02 10:43:31
T01455,C048,P05,1,75000,Bayar,2026-03-02 11:46:13,2026-03-02 11:46:15
T01456,C037,P13,1,385000,KIRIM,2026-03-02 13:21:21,2026-03-02 13:21:49
T01457,C095,P13,1,327250,Bayar,2026-03-02 15:45:57,2026-03-02 15:46:03
T01458,C038,P05,3,67500, Bayar,2026-03-02 08:28:02,2026-03-02 08:28:14
T01459,C011,P06,3,189000,batal,2026-03-02 10:49:10,2026-03-02 10:49:13
T01460,C068,P16,1,118750,BAYAR ,2026-03-02 08:58:43,2026-03-02 08:59:02
T01461,C064,P09,1,304000,bayar,2026-03-02 09:25:57,2026-03-02 09:26:42
T01462,C066,P06,1,160650,Bayar,2026-03-02 14:19:30,2026-03-02 14:19:59
T01463,C091,P10,1,285000,bayar,2026-03-02 14:03:51,2026-03-02 14:04:07
T01464,C099,P04,1,18900,BAYAR ,2026-03-02 12:05:10,2026-03-02 12:05:57
T01465,C076,P04,1,21000,Bayar,2026-03-02 13:51:52,2026-03-02 13:52:35
T01466,C033,P13,1,288750,Bayar,2026-03-02 09:44:34,2026-03-02 09:44:38
T01467,C091,P11,1,648000, kirim ,2026-03-02 12:05:32,2026-03-02 12:05:53
T01468,C043,P06,1,189000,kirim,2026-03-02 10:16:51,2026-03-02 10:17:23
T01469,C002,P09,1,288000, Bayar,2026-03-02 09:50:27,2026-03-02 09:50:54
T01470,C095,P17,2,156750, kirim ,2026-03-02 09:50:09,2026-03-02 09:50:31
T01471,C094,P19,2,66750, Bayar,2026-03-02 13:34:29,2026-03-02 13:38:50
T01472,C009,P02,1,66300,Bayar,2026-03-02 10:35:22,2026-03-02 10:35:49
T01473,C039,P08,2,549000,BAYAR ,2026-03-02 10:52:07,2026-03-02 10:52:22
T01474,C058,P13,1,385000,Bayar,2026-03-02 10:24:55,2026-03-02 10:25:10
T01475,C003,P09,1,304000,batal,2026-03-02 12:52:19,2026-03-02 12:52:54
T01476,C031,P18,3,165750, Bayar,2026-03-02 14:01:09,2026-03-02 14:01:59
T01477,C062,P01,1,32000, kirim ,2026-03-02 14:14:08,2026-03-02 14:14:30
T01478,C027,P10,2,256500,batal,2026-03-02 14:06:53,2026-03-02 14:07:04
T01479,C020,P18,2,195000,BAYAR ,2026-03-02 14:17:40,2026-03-02 14:17:45
T01480,C065,P09,2,240000,bayar,2026-03-02 09:37:44,2026-03-02 09:38:13
T01481,C025,P03,1,36100,bayar,2026-03-02 11:14:33,2026-03-02 11:14:56
T01482,C089,P03,1,28500,pending,2026-03-02 08:34:38,2026-03-02 08:35:00
T01483,C028,P14,1,232500, kirim ,2026-03-02 08:56:33,2026-03-02 08:57:23
T01484,C099,P08,1,494100, Bayar,2026-03-02 15:35:45,2026-03-02 15:36:35
T01485,C086,P15,3,220500,Bayar,2026-03-02 09:42:43,2026-03-02 09:43:06
T01485,C086,P15,3,220500,Bayar,2026-03-02 09:42:43,2026-03-02 09:43:06
T01486,C077,P11,1,720000, kirim ,2026-03-02 15:50:46,2026-03-02 15:50:55
T01487,C005,P18,2,175500,kirim,2026-03-02 14:36:26,2026-03-02 14:36:34
T01488,C086,P10,3,285000,Batal,2026-03-02 08:21:15,2026-03-02 08:23:11
T01489,C047,P09,1,304000,Batal,2026-03-02 11:05:39,2026-03-02 11:05:44
T01489,C047,P09,1,304000,Batal,2026-03-02 11:05:39,2026-03-02 11:05:44
T01490,C068,P10,1,285000,KIRIM,2026-03-02 10:58:59,2026-03-02 10:59:05
T01491,C075,P11,2,720000,bayar,2026-03-02 10:53:50,2026-03-02 10:57:57
T01492,C092,P18,1,185250, Bayar,2026-03-02 14:52:14,2026-03-02 14:53:09
T01493,C043,P02,1,78000,BAYAR ,2026-03-02 10:50:20,2026-03-02 10:58:30
T01494,C047,P19,1,89000, Bayar,2026-03-02 08:02:11,2026-03-02 08:02:42
T01495,C073,P08,2,549000, kirim ,2026-03-02 08:44:47,2026-03-02 08:44:59
T01496,C066,P05,1,63750,kirim,2026-03-02 09:32:29,2026-03-02 09:33:22
T01497,C071,P19,1,75650,BAYAR ,2026-03-02 15:13:59,2026-03-02 15:14:53
T01498,C053,P17,2,156750,Batal,2026-03-02 10:39:51,2026-03-02 10:40:17
T01499,C001,P04,3,17850,BAYAR ,2026-03-02 14:26:03,2026-03-02 14:26:45
T01500,C086,P19,1,89000,BAYAR ,2026-03-02 09:40:41,2026-03-02 09:41:19
T01501,C015,P03,1,38000,bayar,2026-03-02 14:13:35,2026-03-02 14:13:49
T01501,C015,P03,1,38000,bayar,2026-03-02 14:13:35,2026-03-02 14:13:49
T01502,C083,P04,2,18900, Bayar,2026-03-02 11:06:25,2026-03-02 11:06:35
T01503,C082,P17,1,140250, Bayar,2026-03-02 14:11:32,2026-03-02 14:12:15
T01504,C033,P08,1,411750,BAYAR ,2026-03-02 12:27:33,2026-03-02 12:27:51
T01505,C015,P02,2,78000, Bayar,2026-03-02 14:48:41,2026-03-02 14:49:00
T01506,C059,P01,1,32000,Bayar,2026-03-02 12:18:26,2026-03-02 12:19:00
T01507,C018,P16,1,125000,Bayar,2026-03-02 11:33:19,2026-03-02 11:33:50
T01508,C093,P18,1,185250,bayar,2026-03-02 12:38:21,2026-03-02 12:38:31
T01509,C014,P10,1,270750, Bayar,2026-03-02 14:47:38,2026-03-02 14:47:43
T01510,C024,P18,1,195000,batal,2026-03-02 15:47:24,2026-03-02 15:48:16
T01511,C024,P18,1,185250,Bayar,2026-03-02 11:49:13,2026-03-02 11:49:14
T01512,C078,P19,1,80100,kirim,2026-03-02 09:48:56,2026-03-02 09:49:39
T01513,C098,P08,1,494100,Bayar,2026-03-02 10:57:20,2026-03-02 10:57:42
T01514,C030,P01,1,32000,batal,2026-03-02 14:16:41,2026-03-02 14:17:18
T01515,C018,P03,1,38000,BAYAR ,2026-03-02 08:56:02,2026-03-02 08:56:38
T01516,C058,P01,2,32000,KIRIM,2026-03-02 13:20:51,2026-03-02 13:21:09
T01517,C081,P03,3,38000,bayar,2026-03-02 15:19:51,2026-03-02 15:20:30
T01518,C063,P06,2,189000,Bayar,2026-03-02 13:58:58,2026-03-02 13:59:45
T01519,C055,P17,1,148500,Bayar,2026-03-02 13:18:19,2026-03-02 13:18:56
T01520,C023,P04,2,21000,bayar,2026-03-02 13:42:32,2026-03-02 13:43:15
T01521,C058,P07,1,265000,bayar,2026-03-02 09:47:56,2026-03-02 09:48:26
T01522,C088,P07,1,265000,BAYAR ,2026-03-02 11:20:14,2026-03-02 11:21:03
T01522,C088,P07,1,265000,BAYAR ,2026-03-02 11:20:14,2026-03-02 11:21:03
T01523,C054,P12,1,1250000,kirim,2026-03-02 08:19:11,2026-03-02 08:19:55
T01524,C067,P14,2,279000,Bayar,2026-03-02 10:05:12,2026-03-02 10:05:23
T01525,C079,P18,2,146250, Bayar,2026-03-02 14:00:43,2026-03-02 14:01:12
T01526,C060,P01,3,32000, kirim ,2026-03-02 09:47:11,2026-03-02 09:47:36
T01527,C084,P18,1,195000,bayar,2026-03-02 15:48:07,2026-03-02 15:48:38
T01528,C078,P08,1,549000,BAYAR ,2026-03-02 15:16:19,2026-03-02 15:16:23
T01529,C018,P17,2,165000,Bayar,2026-03-02 12:53:34,2026-03-02 12:53:51
T01530,C067,P05,1,56250,kirim,2026-03-02 15:18:28,2026-03-02 15:19:13
T01531,C036,P03,0,34200,bayar,2026-03-02 14:42:54,2026-03-02 14:43:24
T01532,C022,P01,2,32000,bayar,2026-03-02 15:51:15,2026-03-02 15:51:17
T01533,C008,P04,2,21000, kirim ,2026-03-02 11:59:44,2026-03-02 12:00:19
T01534,C097,P13,1,385000,kirim,2026-03-02 14:07:05,2026-03-02 14:07:38
T01535,C099,P19,1,89000, Bayar,2026-03-02 12:54:55,2026-03-02 12:55:27
T01536,C004,P11,1,720000,bayar,2026-03-02 11:27:13,2026-03-02 11:27:46
T01537,C067,P13,1,385000,Bayar,2026-03-02 11:08:36,2026-03-02 11:08:42
T01538,C042,P14,1,310000, Bayar,2026-03-02 09:21:31,2026-03-02 09:22:04
T01539,C081,P19,1,75650,kirim,2026-03-02 11:24:58,2026-03-02 11:25:34
T01540,C003,P20,2,430000,kirim,2026-03-02 13:04:53,2026-03-02 13:05:16
T01541,C016,P02,2,78000,KIRIM,2026-03-02 09:06:51,2026-03-02 09:12:09
T01542,C032,P06,1,160650,batal,2026-03-02 12:58:59,2026-03-02 13:22:29
T01543,C052,P09,1,304000,BAYAR ,2026-03-02 10:12:17,2026-03-02 10:12:22
T01544,C054,P10,2,285000, Bayar,2026-03-02 11:42:37,2026-03-02 11:42:39
T01545,C060,P14,2,263500, Bayar,2026-03-02 09:56:48,2026-03-02 09:57:38
T01546,C006,P06,1,189000, kirim ,2026-03-02 11:13:42,2026-03-02 11:35:04
T01547,C011,P06,1,179550,Bayar,2026-03-02 10:40:28,2026-03-02 10:41:15
T01548,C003,P17,2,165000, Bayar,2026-03-02 13:14:24,2026-03-02 13:38:27
T01549,C018,P17,0,165000, Bayar,2026-03-02 09:37:27,2026-03-02 09:37:45
T01550,C098,P10,2,285000, Bayar,2026-03-02 10:10:25,2026-03-02 10:10:39
T01551,C014,P04,1,15750,Bayar,2026-03-02 11:35:34,2026-03-02 11:36:26
T01552,C012,P18,1,195000,Bayar,2026-03-02 08:26:23,2026-03-02 08:26:36
T01553,C093,P11,1,720000, kirim ,2026-03-02 10:03:16,2026-03-02 10:03:43
T01554,C100,P11,1,720000,kirim,2026-03-02 11:32:37,2026-03-02 11:33:10
T01555,C054,P01,1,32000,bayar,2026-03-02 15:22:44,2026-03-02 15:22:51
T01556,C077,P16,1,106250,kirim,2026-03-02 13:47:47,2026-03-02 13:48:04
T01557,C008,P13,1,385000,bayar,2026-03-02 11:20:55,2026-03-02 11:21:18
T01558,C051,P19,1,80100,bayar,2026-03-02 10:36:39,2026-03-02 10:36:58
T01559,C028,P14,1,310000,bayar,2026-03-02 09:46:20,2026-03-02 09:47:07
T01560,C090,P11,2,684000,batal,2026-03-02 11:48:25,2026-03-02 11:48:42
T01561,C044,P02,1,66300,KIRIM,2026-03-02 15:33:03,2026-03-02 15:33:05
T01562,C055,P02,2,78000,kirim,2026-03-02 12:43:37,2026-03-02 12:43:45
T01563,C078,P02,1,78000,Bayar,2026-03-02 12:44:07,2026-03-02 12:51:16
T01564,C033,P11,2,648000,kirim,2026-03-02 14:46:57,2026-03-02 14:47:09
T01565,C063,P06,1,189000, kirim ,2026-03-02 11:58:14,2026-03-02 11:58:46
T01566,C039,P09,2,320000,Bayar,2026-03-02 10:38:35,2026-03-02 10:38:38
T01567,C068,P08,1,549000,kirim,2026-03-02 12:20:26,2026-03-02 12:30:49
T01568,C089,P04,1,21000, Bayar,2026-03-02 08:29:09,2026-03-02 08:29:33
T01569,C003,P03,2,28500, Bayar,2026-03-02 15:18:42,2026-03-02 15:19:19
T01570,C080,P20,1,365500, Bayar,2026-03-02 14:25:39,2026-03-02 14:26:20
T01571,C059,P20,1,408500,kirim,2026-03-02 14:47:25,2026-03-02 14:48:09
T01572,C073,P13,1,385000, Bayar,2026-03-02 13:47:45,2026-03-02 14:06:59
T01573,C100,P07,2,265000, Bayar,2026-03-02 09:35:38,2026-03-02 09:38:28
T01574,C090,P14,1,232500,BAYAR ,2026-03-02 11:40:45,2026-03-02 11:40:49
T01575,C040,P14,1,310000, kirim ,2026-03-02 08:16:40,2026-03-02 08:16:52
T01576,C072,P20,2,408500,bayar,2026-03-02 11:17:35,2026-03-02 11:18:09
T01577,C044,P04,1,21000,Bayar,2026-03-02 09:17:48,2026-03-02 09:28:27
T01578,C049,P05,1,67500,KIRIM,2026-03-02 11:57:06,2026-03-02 11:57:12
T01579,C087,P07,2,265000,BAYAR ,2026-03-02 08:08:09,2026-03-02 08:09:01
T01580,C035,P11,1,720000,BAYAR ,2026-03-02 14:49:49,2026-03-02 14:50:43
T01581,C022,P17,1,165000,pending,2026-03-02 10:28:29,2026-03-02 10:28:32
T01582,C098,P13,1,385000,kirim,2026-03-02 08:34:11,2026-03-02 09:08:10
T01583,C007,P20,3,365500, kirim ,2026-03-02 11:02:52,2026-03-02 11:03:45
T01584,C042,P03,1,32300,kirim,2026-03-02 10:40:02,2026-03-02 10:40:07
T01585,C094,P19,1,84550,pending,2026-03-02 12:02:06,2026-03-02 12:02:47
T01586,C058,P20,2,365500,KIRIM,2026-03-02 10:33:44,2026-03-02 10:33:48
T01587,C063,P12,2,937500,KIRIM,2026-03-02 08:10:37,2026-03-02 08:10:43
T01588,C034,P19,1,84550,kirim,2026-03-02 14:21:54,2026-03-02 14:38:02
T01589,C041,P15,1,245000,batal,2026-03-02 10:06:45,2026-03-02 10:06:54
T01590,C027,P04,2,21000,bayar,2026-03-02 12:15:08,2026-03-02 12:15:14
T01591,C066,P13,3,346500,BAYAR ,2026-03-02 09:01:30,2026-03-02 09:01:58
T01592,C086,P12,1,1187500, Bayar,2026-03-02 11:25:20,2026-03-02 11:25:34
T01593,C051,P06,1,189000,bayar,2026-03-02 15:52:09,2026-03-02 15:52:13
T01594,C014,P02,1,78000,BAYAR ,2026-03-02 10:09:09,2026-03-02 10:09:53
T01595,C021,P16,1,93750,BAYAR ,2026-03-02 14:04:25,2026-03-02 14:04:37
T01596,C063,P17,2,123750,BAYAR ,2026-03-02 11:49:18,2026-03-02 11:49:53
T01597,,P08,1,494100,KIRIM,2026-03-02 15:57:43,2026-03-02 15:57:59
T01598,C070,P15,2,208250,KIRIM,2026-03-02 14:43:28,2026-03-02 14:44:19
T01599,C064,P15,1,208250, kirim ,2026-03-02 12:21:13,2026-03-02 12:21:39
T01600,C011,P01,1,32000,BAYAR ,2026-03-02 11:19:23,2026-03-02 11:19:48
T01601,C047,P06,1,170100, kirim ,2026-03-02 08:47:04,2026-03-02 09:40:14
T01602,C084,P09,2,320000,bayar,2026-03-02 11:41:08,2026-03-02 11:41:55
T01603,C006,P19,1,84550,BAYAR ,2026-03-02 11:37:19,2026-03-02 12:05:12
T01604,C017,P10,2,285000,Batal,2026-03-02 15:07:48,2026-03-02 15:07:50
T01605,C077,P08,2,521550,Batal,2026-03-02 14:01:42,2026-03-02 14:02:10
T01606,C081,P20,1,430000, Bayar,2026-03-02 11:04:26,2026-03-02 11:05:06
T01607,C089,P17,1,165000,Batal,2026-03-02 12:10:03,2026-03-02 12:37:52
T01608,C099,P18,3,195000,bayar,2026-03-02 11:39:21,2026-03-02 11:39:52
T01609,C081,P13,1,288750,Bayar,2026-03-02 15:06:07,2026-03-02 15:06:47
T01610,C065,P18,1,195000,batal,2026-03-02 09:21:52,2026-03-02 09:32:40
T01611,C088,P16,1,106250,BAYAR ,2026-03-02 14:49:28,2026-03-02 14:50:10
T01612,C047,P12,2,1062500,KIRIM,2026-03-02 08:28:19,2026-03-02 08:28:21
T01613,C036,P15,2,245000, Bayar,2026-03-02 13:10:51,2026-03-02 13:11:35
T01614,C018,P06,1,179550,BAYAR ,2026-03-02 12:45:56,2026-03-02 12:46:34
T01615,C051,P05,2,75000,kirim,2026-03-02 14:13:17,2026-03-02 14:13:54
T01616,C088,P19,1,80100,BAYAR ,2026-03-02 08:56:18,2026-03-02 08:56:29
T01617,C074,P16,1,125000,BAYAR ,2026-03-02 09:37:09,2026-03-02 09:44:00
T01618,C091,P12,1,1125000,bayar,2026-03-02 08:55:49,2026-03-02 08:56:22
T01619,C079,P09,1,240000, Bayar,2026-03-02 11:30:57,2026-03-02 11:55:29
T01620,C066,P07,2,265000,kirim,2026-03-02 10:47:27,2026-03-02 10:47:35
T01621,C075,P06,1,189000,kirim,2026-03-02 08:25:36,2026-03-02 08:26:30
T01622,C042,P10,1,285000,BAYAR ,2026-03-02 08:48:10,2026-03-02 08:48:40
T01623,C055,P99,1,279000,bayar,2026-03-02 12:19:52,2026-03-02 12:20:26
T01624,C099,P05,2,75000, Bayar,2026-03-02 14:20:43,2026-03-02 14:35:24
T01625,C008,P99,1,165000,Bayar,2026-03-02 09:06:38,2026-03-02 09:07:12
T01626,C021,P17,2,148500,Bayar,2026-03-02 12:47:41,2026-03-02 12:48:31
T01627,C057,P19,1,89000,BAYAR ,2026-03-02 12:36:35,2026-03-02 12:37:24
T01628,C044,P11,2,612000, Bayar,2026-03-02 14:44:34,2026-03-02 14:50:20
T01629,C079,P20,2,430000,Bayar,2026-03-02 10:37:18,2026-03-02 10:37:27
T01629,C079,P20,2,430000,Bayar,2026-03-02 10:37:18,2026-03-02 10:37:27
T01630,C082,P01,1,32000,bayar,2026-03-02 08:21:31,2026-03-02 08:22:23
T01631,C001,P04,1,15750,bayar,2026-03-02 15:16:31,2026-03-02 15:16:52
T01632,C039,P14,1,263500,Bayar,2026-03-02 13:03:24,2026-03-02 13:04:08
T01633,C029,P16,1,93750, kirim ,2026-03-02 09:18:40,2026-03-02 09:19:35
T01634,C095,P05,2,67500,KIRIM,2026-03-02 14:47:54,2026-03-02 14:48:18
T01635,C014,P17,2,165000,kirim,2026-03-02 09:59:17,2026-03-02 09:59:29
T01636,C095,P01,1,32000,BAYAR ,2026-03-02 13:42:22,2026-03-02 13:42:28
T01637,C022,P07,2,225250,bayar,2026-03-02 14:31:52,2026-03-02 14:32:15
T01638,C047,P06,1,179550,Bayar,2026-03-02 11:11:11,2026-03-02 11:11:32
T01639,C100,P19,2,66750,Bayar,2026-03-02 08:17:51,2026-03-02 08:18:31
T01640,C016,P04,1,21000,kirim,2026-03-02 11:34:21,2026-03-02 11:34:33
T01641,C084,P15,1,245000,batal,2026-03-02 15:09:55,2026-03-02 15:10:09
T01642,C022,P19,3,75650,KIRIM,2026-03-02 13:09:35,2026-03-02 13:14:14
T01643,C022,P10,1,256500,BAYAR ,2026-03-02 10:09:02,2026-03-02 10:09:12
T01644,C016,P18,1,146250,Bayar,2026-03-02 09:50:58,2026-03-02 09:51:18
T01645,C033,P10,1,213750,bayar,2026-03-02 10:14:58,2026-03-02 10:39:42
T01646,C009,P19,1,80100,BAYAR ,2026-03-02 11:59:38,2026-03-02 12:00:15
T01647,C042,P17,1,165000,BAYAR ,2026-03-02 12:31:48,2026-03-02 12:32:02
T01648,C093,P04,0,21000,kirim,2026-03-02 09:13:34,2026-03-02 09:14:00
T01649,C067,P18,1,146250,Batal,2026-03-02 12:27:01,2026-03-02 12:27:45
T01650,C069,P12,1,1250000,bayar,2026-03-02 14:04:27,2026-03-02 14:04:39
T01651,C074,P10,2,256500,bayar,2026-03-02 10:09:02,2026-03-02 10:21:02
T01652,C012,P06,1,189000,batal,2026-03-02 09:54:42,2026-03-02 10:05:26
T01653,C026,P19,1,89000,bayar,2026-03-02 14:49:12,2026-03-02 14:49:14
T01654,C088,P01,1,32000,bayar,2026-03-02 13:14:52,2026-03-02 13:15:23
T01655,C088,P05,3,56250,Bayar,2026-03-02 14:39:38,2026-03-02 14:39:52
T01656,C015,P02,1,66300,kirim,2026-03-02 09:02:53,2026-03-02 09:03:41
T01657,C044,P04,1,15750,BAYAR ,2026-03-02 13:37:14,2026-03-02 13:37:43
T01658,C044,P07,1,265000,BAYAR ,2026-03-02 08:20:13,2026-03-02 08:20:26
T01659,C037,P10,1,285000,pending,2026-03-02 15:04:09,2026-03-02 15:04:19
T01660,C018,P05,1,71250,KIRIM,2026-03-02 11:04:07,2026-03-02 11:14:57
T01661,C045,P19,2,89000,batal,2026-03-02 09:45:45,2026-03-02 09:46:09
T01662,C064,P19,2,89000,kirim,2026-03-02 13:25:36,2026-03-02 13:26:26
T01663,C070,P09,1,304000,BAYAR ,2026-03-02 09:44:10,2026-03-02 09:44:33
T01663,C070,P09,1,304000,BAYAR ,2026-03-02 09:44:10,2026-03-02 09:44:33
T01664,C062,P03,3,32300,bayar,2026-03-02 14:45:35,2026-03-02 14:45:37
T01665,C080,P08,1,549000,Bayar,2026-03-02 13:04:29,2026-03-02 13:04:33
T01666,C014,P14,1,294500,BAYAR ,2026-03-02 10:04:37,2026-03-02 10:04:56
T01667,C008,P01,1,28800,Bayar,2026-03-02 10:01:09,2026-03-02 10:01:28
T01668,C009,P15,1,220500, Bayar,2026-03-02 11:21:17,2026-03-02 11:22:08
T01669,C033,P08,1,549000,bayar,2026-03-02 10:17:13,2026-03-02 10:17:20
T01670,C004,P04,2,17850,BAYAR ,2026-03-02 15:15:24,2026-03-02 15:15:32
T01671,C002,P03,1,34200,Bayar,2026-03-02 12:27:03,2026-03-02 12:27:37
T01672,C066,P04,1,15750,bayar,2026-03-02 11:07:10,2026-03-02 11:07:40
T01673,C037,P08,1,521550,KIRIM,2026-03-02 11:01:23,2026-03-02 11:01:27
T01674,C056,P06,1,170100,Bayar,2026-03-02 09:02:22,2026-03-02 09:02:24
T01675,C043,P09,1,320000,Bayar,2026-03-02 12:30:58,2026-03-02 12:31:06
T01676,C020,P15,1,245000,BAYAR ,2026-03-02 10:18:50,2026-03-02 10:19:16
T01677,C055,P16,1,112500,bayar,2026-03-02 08:10:21,2026-03-02 08:10:39
T01678,C033,P02,1,74100,BAYAR ,2026-03-02 12:04:05,2026-03-02 12:04:48
T01679,,P03,1,36100, kirim ,2026-03-02 15:28:07,2026-03-02 15:28:56
T01680,C078,P03,1,36100,Bayar,2026-03-02 10:52:56,2026-03-02 10:52:59
T01681,C009,P20,1,322500,bayar,2026-03-02 12:49:00,2026-03-02 13:40:48
T01682,C013,P18,1,146250,Batal,2026-03-02 14:49:32,2026-03-02 14:49:59
T01683,C042,P19,1,89000, Bayar,2026-03-02 10:25:21,2026-03-02 10:26:15
T01684,C034,P20,1,365500, kirim ,2026-03-02 12:03:36,2026-03-02 12:03:41
T01685,C014,P02,1,78000,kirim,2026-03-02 12:41:34,2026-03-02 12:42:09
T01686,C011,P09,1,240000,batal,2026-03-02 08:51:55,2026-03-02 08:52:30
T01687,C076,P15,3,245000,bayar,2026-03-02 08:12:14,2026-03-02 08:12:49
T01688,C058,P09,3,288000, kirim ,2026-03-02 10:46:05,2026-03-02 10:46:16
T01689,C002,P19,1,89000,bayar,2026-03-02 12:00:29,2026-03-02 12:21:51
T01690,C024,P16,2,106250, kirim ,2026-03-02 10:54:52,2026-03-02 10:54:58
T01691,C066,P03,2,36100,batal,2026-03-02 14:57:34,2026-03-02 14:57:40
T01692,C086,P17,3,123750,bayar,2026-03-02 09:22:09,2026-03-02 09:22:58
T01693,C075,P08,1,494100,Bayar,2026-03-02 14:29:36,2026-03-02 14:30:27
T01694,C089,P08,1,549000,Batal,2026-03-02 09:36:40,2026-03-02 09:37:24
T01695,C083,P15,1,232750, kirim ,2026-03-02 13:17:19,2026-03-02 13:18:11
T01696,C050,P14,1,294500,pending,2026-03-02 14:23:23,2026-03-02 14:24:17
T01697,C014,P05,1,75000, Bayar,2026-03-02 08:35:22,2026-03-02 08:35:32
T01698,C074,P14,3,310000, Bayar,2026-03-02 10:30:18,2026-03-02 10:30:27
T01699,C034,P17,1,165000,Bayar,2026-03-02 10:04:29,2026-03-02 10:04:57
T01700,C028,P01,3,32000,BAYAR ,2026-03-02 13:40:22,2026-03-02 13:40:28
T01701,C092,P20,1,430000,kirim,2026-03-02 13:49:34,2026-03-02 13:50:27
T01702,C033,P01,1,32000,Bayar,2026-03-02 11:06:37,2026-03-02 11:06:53
T01703,C064,P01,1,32000, kirim ,2026-03-02 09:30:25,2026-03-02 09:30:43
T01704,C073,P02,1,78000,Bayar,2026-03-02 15:56:47,2026-03-02 15:57:06
T01705,C069,P03,1,38000,bayar,2026-03-02 15:01:49,2026-03-02 15:02:34
T01706,C053,P18,1,195000,BAYAR ,2026-03-02 09:19:26,2026-03-02 09:19:32
T01707,C079,P13,1,385000,Bayar,2026-03-02 13:42:12,2026-03-02 13:42:29
T01708,C012,P10,1,270750,KIRIM,2026-03-02 12:36:44,2026-03-02 12:37:04
T01709,C008,P04,2,15750,KIRIM,2026-03-02 13:35:09,2026-03-02 13:35:48
T01710,C088,P02,2,78000,Bayar,2026-03-02 11:11:50,2026-03-02 11:12:21
T01711,C034,P14,1,310000,Bayar,2026-03-02 14:27:24,2026-03-02 14:27:31
T01712,C039,P20,1,408500,kirim,2026-03-02 13:58:17,2026-03-02 13:58:37
T01713,C072,P13,1,327250,Batal,2026-03-02 14:12:41,2026-03-02 14:27:05
T01714,C040,P14,1,279000,KIRIM,2026-03-02 10:23:09,2026-03-02 10:24:02
T01715,C029,P01,1,32000,KIRIM,2026-03-02 13:11:57,2026-03-02 13:12:17
T01716,C082,P12,1,1062500,KIRIM,2026-03-02 10:20:57,2026-03-02 10:21:22
T01717,C007,P13,1,327250,BAYAR ,2026-03-02 13:45:29,2026-03-02 13:46:08
T01718,C055,P05,3,56250, kirim ,2026-03-02 10:40:37,2026-03-02 10:41:26
T01719,C014,P05,1,71250,bayar,2026-03-02 14:57:08,2026-03-02 14:57:13
T01720,C082,P17,1,165000,kirim,2026-03-02 15:25:15,2026-03-02 15:49:21
T01721,C062,P01,2,32000,batal,2026-03-02 08:59:10,2026-03-02 08:59:44
T01722,C035,P20,1,365500,Batal,2026-03-02 11:15:42,2026-03-02 11:16:33
T01723,C007,P14,1,294500,batal,2026-03-02 08:41:34,2026-03-02 08:41:42
T01724,C050,P11,2,720000,Bayar,2026-03-02 10:04:30,2026-03-02 10:05:15
T01725,C017,P06,1,189000, Bayar,2026-03-02 11:21:14,2026-03-02 12:08:46
T01726,C084,P09,1,240000, Bayar,2026-03-02 08:25:44,2026-03-02 08:26:12
T01727,C092,P03,3,36100,Bayar,2026-03-02 09:00:50,2026-03-02 09:01:03
T01728,C027,P03,1,36100,BAYAR ,2026-03-02 12:06:10,2026-03-02 12:07:00
T01729,C061,P18,1,195000, kirim ,2026-03-02 12:54:18,2026-03-02 12:54:29
T01730,C033,P03,1,38000,kirim,2026-03-02 13:31:21,2026-03-02 13:31:37
T01731,C035,P08,1,549000,KIRIM,2026-03-02 10:57:29,2026-03-02 10:58:02
T01732,C095,P01,1,32000, kirim ,2026-03-02 08:19:31,2026-03-02 08:32:27
T01733,C045,P17,3,156750,KIRIM,2026-03-02 10:36:31,2026-03-02 10:36:36
T01734,C027,P12,2,1125000, kirim ,2026-03-02 10:22:53,2026-03-02 10:22:57
T01735,C083,P07,1,238500,BAYAR ,2026-03-02 12:05:56,2026-03-02 12:06:32
T01736,C069,P18,2,165750, kirim ,2026-03-02 12:09:18,2026-03-02 12:33:02
T01737,C090,P20,1,322500,bayar,2026-03-02 08:33:16,2026-03-02 08:33:37
T01738,C094,P05,3,63750, kirim ,2026-03-02 10:18:36,2026-03-02 10:18:39
T01739,C021,P07,1,265000,bayar,2026-03-02 15:34:11,2026-03-02 15:34:26
T01740,C073,P18,1,195000,bayar,2026-03-02 12:33:02,2026-03-02 12:33:55
T01741,C002,P07,1,265000,pending,2026-03-02 09:31:37,2026-03-02 09:31:40
T01742,C081,P13,1,288750,Bayar,2026-03-02 09:02:35,2026-03-02 09:02:37
T01743,C008,P10,2,285000, Bayar,2026-03-02 09:43:24,2026-03-02 09:44:15
T01744,C036,P03,1,38000,kirim,2026-03-02 13:22:01,2026-03-02 13:22:05
T01745,C001,P19,1,89000,Bayar,2026-03-02 10:52:47,2026-03-02 10:53:38
T01746,C043,P06,3,160650,Bayar,2026-03-02 08:01:54,2026-03-02 08:02:47
T01747,C035,P02,1,78000,Bayar,2026-03-02 11:58:03,2026-03-02 11:58:46
T01748,C029,P03,3,38000,Batal,2026-03-02 14:27:11,2026-03-02 14:28:05
T01749,C080,P20,1,430000, Bayar,2026-03-02 15:26:42,2026-03-02 15:37:47
T01750,C049,P14,1,263500,BAYAR ,2026-03-02 11:49:12,2026-03-02 11:49:31
T01751,C067,P01,2,32000,Bayar,2026-03-02 12:48:20,2026-03-02 12:48:48
T01752,C076,P16,1,112500,Bayar,2026-03-02 15:06:51,2026-03-02 15:07:15
T01753,C012,P13,1,346500,Bayar,2026-03-02 08:12:45,2026-03-02 08:13:01
T01754,C039,P19,3,89000, Bayar,2026-03-02 13:05:19,2026-03-02 13:05:31
T01755,C016,P15,1,183750,Batal,2026-03-02 11:17:16,2026-03-02 11:17:37
T01756,C010,P05,1,75000, Bayar,2026-03-02 12:26:39,2026-03-02 12:27:18
T01757,C078,P13,3,346500,bayar,2026-03-02 09:15:14,2026-03-02 09:15:26
T01758,C014,P09,2,288000,Batal,2026-03-02 14:33:45,2026-03-02 14:34:03
T01759,C074,P02,1,70200,Bayar,2026-03-02 10:54:11,2026-03-02 10:54:44
T01760,C091,P01,2,27200, Bayar,2026-03-02 14:41:02,2026-03-02 14:41:43
T01761,C023,P07,1,238500, kirim ,2026-03-02 15:31:48,2026-03-02 15:32:43
T01762,C067,P02,1,74100,Batal,2026-03-02 08:48:35,2026-03-02 08:49:17
T01763,C099,P14,1,232500,batal,2026-03-02 08:39:35,2026-03-02 08:40:10
T01764,C074,P18,1,195000,BAYAR ,2026-03-02 13:50:20,2026-03-02 13:50:24
T01765,C011,P04,2,21000, Bayar,2026-03-02 15:25:47,2026-03-02 15:26:08
T01766,C005,P15,1,208250, Bayar,2026-03-02 08:29:04,2026-03-02 08:29:13
T01766,C005,P15,1,208250, Bayar,2026-03-02 08:29:04,2026-03-02 08:29:13
T01767,C065,P16,1,118750, Bayar,2026-03-02 10:20:02,2026-03-02 10:32:11
T01768,C072,P05,1,63750, Bayar,2026-03-02 15:15:30,2026-03-02 15:16:00
T01769,C080,P16,2,125000,KIRIM,2026-03-02 14:58:19,2026-03-02 14:59:13
T01770,C010,P18,1,175500,kirim,2026-03-02 08:45:08,2026-03-02 08:45:58
T01771,C038,P20,1,387000,Bayar,2026-03-02 11:40:14,2026-03-02 11:40:26
T01772,C008,P08,1,521550,pending,2026-03-02 11:04:15,2026-03-02 11:07:50
T01773,C039,P19,3,89000,Batal,2026-03-02 12:59:15,2026-03-02 13:00:01
T01774,C039,P08,1,549000,batal,2026-03-02 11:28:57,2026-03-02 11:43:33
T01775,C080,P15,1,245000, Bayar,2026-03-02 10:31:06,2026-03-02 10:31:32
T01776,C070,P19,3,80100,bayar,2026-03-02 09:39:49,2026-03-02 09:39:50
T01777,C030,P10,1,285000,bayar,2026-03-02 14:39:00,2026-03-02 14:39:39
T01778,C043,P13,2,288750,Bayar,2026-03-02 08:51:44,2026-03-02 08:52:28
T01779,C030,P06,1,179550, kirim ,2026-03-02 13:46:09,2026-03-02 13:46:55
T01780,C041,P01,2,28800,pending,2026-03-02 08:45:09,2026-03-02 08:45:21
T01781,C093,P02,3,70200, Bayar,2026-03-02 08:43:06,2026-03-02 08:43:28
T01782,C064,P11,1,540000,batal,2026-03-02 08:17:28,2026-03-02 08:17:31
T01783,C087,P18,1,195000,kirim,2026-03-02 08:27:02,2026-03-02 08:54:07
T01784,C080,P02,1,74100,batal,2026-03-02 08:05:18,2026-03-02 08:45:07
T01785,C028,P04,1,19950,batal,2026-03-02 08:01:38,2026-03-02 08:01:47
T01786,C079,P20,1,430000, Bayar,2026-03-02 08:51:13,2026-03-02 09:17:22
T01787,C050,P12,1,1250000,Bayar,2026-03-02 14:14:39,2026-03-02 14:14:49
T01788,C071,P19,1,75650,Bayar,2026-03-02 08:07:07,2026-03-02 08:07:33
T01789,C092,P08,2,549000, kirim ,2026-03-02 12:21:35,2026-03-02 12:22:20
T01790,C003,P10,1,213750,KIRIM,2026-03-02 13:17:19,2026-03-02 13:17:43
T01791,C045,P06,2,189000,Bayar,2026-03-02 11:02:30,2026-03-02 11:02:44
T01792,C059,P09,1,320000,bayar,2026-03-02 09:11:00,2026-03-02 09:15:08
T01793,C040,P19,0,89000,kirim,2026-03-02 14:23:38,2026-03-02 14:23:53
T01794,C082,P14,2,263500, Bayar,2026-03-02 15:38:10,2026-03-02 15:38:33
T01795,C018,P04,1,21000, Bayar,2026-03-02 08:48:16,2026-03-02 08:48:45
T01796,C070,P15,1,245000,bayar,2026-03-02 11:02:27,2026-03-02 11:03:04
T01797,C031,P14,1,310000,bayar,2026-03-02 10:50:13,2026-03-02 10:50:16
T01798,C060,P12,2,1250000,bayar,2026-03-02 11:13:10,2026-03-02 11:13:15
T01799,C001,P12,1,1062500, kirim ,2026-03-02 15:39:45,2026-03-02 15:40:31
T01800,C068,P20,2,322500,bayar,2026-03-02 14:36:15,2026-03-02 14:36:20
T01801,C069,P14,1,310000, Bayar,2026-03-02 08:58:07,2026-03-02 08:58:40
T01802,C067,P16,1,125000, Bayar,2026-03-02 09:31:27,2026-03-02 09:31:34
T01803,C078,P20,3,322500,batal,2026-03-02 15:48:37,2026-03-02 15:49:13
T01804,,P10,1,213750,batal,2026-03-02 15:53:04,2026-03-02 15:53:11
T01805,C030,P20,1,430000,batal,2026-03-02 10:40:51,2026-03-02 10:41:32
T01806,C096,P16,2,125000,bayar,2026-03-02 10:32:14,2026-03-02 10:33:01
T01807,,P12,1,1250000,kirim,2026-03-02 13:15:16,2026-03-02 13:15:29
T01808,C017,P09,2,240000,KIRIM,2026-03-02 14:30:09,2026-03-02 14:30:24
T01809,C100,P04,2,21000,Bayar,2026-03-02 10:13:05,2026-03-02 10:13:18
T01810,C008,P09,1,320000,Batal,2026-03-02 11:36:11,2026-03-02 11:36:55
T01811,C010,P19,1,89000,bayar,2026-03-02 08:52:24,2026-03-02 08:52:39
T01812,C021,P03,1,38000,bayar,2026-03-02 12:16:30,2026-03-02 12:17:09
T01812,C021,P03,1,38000,bayar,2026-03-02 12:16:30,2026-03-02 12:17:09
T01813,C009,P08,1,466650,kirim,2026-03-02 15:39:55,2026-03-02 16:04:09
T01814,C047,P07,1,238500,Bayar,2026-03-02 09:04:43,2026-03-02 09:04:44
T01815,C090,P15,1,245000,bayar,2026-03-02 14:51:18,2026-03-02 14:52:59
T01816,C098,P12,2,1187500,bayar,2026-03-02 11:17:31,2026-03-02 11:18:09
T01817,C029,P07,1,238500,bayar,2026-03-02 14:14:01,2026-03-02 14:14:51
T01818,C018,P06,1,189000,bayar,2026-03-02 12:07:44,2026-03-02 12:08:39
T01819,C095,P07,1,238500,Batal,2026-03-02 15:09:10,2026-03-02 15:09:19
T01820,C064,P17,3,165000,Bayar,2026-03-02 15:44:17,2026-03-02 15:44:20
T01821,C088,P10,1,285000,BAYAR ,2026-03-02 15:28:11,2026-03-02 15:28:54
T01822,C024,P05,2,75000,Batal,2026-03-02 14:33:18,2026-03-02 14:53:06
T01823,C031,P09,1,288000, kirim ,2026-03-02 09:50:29,2026-03-02 10:06:04
T01824,C050,P12,2,1187500,KIRIM,2026-03-02 14:32:32,2026-03-02 14:33:02
T01825,C093,P19,2,80100,batal,2026-03-02 14:28:54,2026-03-02 14:43:30
T01826,C050,P12,3,1062500,bayar,2026-03-02 13:08:11,2026-03-02 13:09:06
T01827,C069,P05,1,75000, Bayar,2026-03-02 08:43:11,2026-03-02 08:43:30
T01828,C052,P10,1,256500, Bayar,2026-03-02 12:37:27,2026-03-02 12:37:49
T01829,C036,P15,1,220500,bayar,2026-03-02 09:39:14,2026-03-02 09:39:30
T01830,C075,P10,1,285000,KIRIM,2026-03-02 08:28:44,2026-03-02 09:07:46
T01831,C073,P11,1,540000,BAYAR ,2026-03-02 10:48:43,2026-03-02 10:49:35
T01832,C064,P01,3,28800,kirim,2026-03-02 08:16:22,2026-03-02 08:17:06
T01833,C072,P12,1,1250000,batal,2026-03-02 14:38:37,2026-03-02 14:38:43
T01834,C065,P09,2,304000,Batal,2026-03-02 14:43:39,2026-03-02 14:52:02
T01835,C021,P16,2,125000, kirim ,2026-03-02 08:26:32,2026-03-02 08:26:45
T01836,C074,P05,1,67500,Bayar,2026-03-02 10:01:32,2026-03-02 10:10:25
T01837,C098,P04,1,18900,kirim,2026-03-02 10:32:11,2026-03-02 10:44:12
T01838,,P03,1,38000,bayar,2026-03-02 08:13:25,2026-03-02 08:20:41
T01839,C060,P06,1,189000,bayar,2026-03-02 14:38:23,2026-03-02 14:38:43
T01840,C028,P08,2,549000,KIRIM,2026-03-02 13:13:17,2026-03-02 13:13:25
T01841,C091,P07,1,225250,BAYAR ,2026-03-02 09:06:25,2026-03-02 09:07:05
T01841,C091,P07,1,225250,BAYAR ,2026-03-02 09:06:25,2026-03-02 09:07:05
T01842,C032,P06,1,170100, Bayar,2026-03-02 13:14:21,2026-03-02 13:15:16
T01843,C099,P07,2,265000, kirim ,2026-03-02 10:08:08,2026-03-02 10:08:18
T01844,C061,P20,1,430000, Bayar,2026-03-02 13:32:00,2026-03-02 13:32:19
T01845,C012,P14,2,232500,bayar,2026-03-02 08:47:34,2026-03-02 08:47:37
T01846,C021,P16,0,125000,Bayar,2026-03-02 15:10:18,2026-03-02 15:38:20
T01847,C071,P05,1,75000, kirim ,2026-03-02 11:36:30,2026-03-02 11:37:12
T01848,C100,P14,1,310000,KIRIM,2026-03-02 14:26:21,2026-03-02 14:26:56
T01849,C020,P05,1,75000,batal,2026-03-02 09:54:35,2026-03-02 10:13:16
T01850,C086,P10,2,285000,BAYAR ,2026-03-02 10:18:35,2026-03-02 11:00:23
T01851,C044,P13,1,385000,Batal,2026-03-02 08:31:13,2026-03-02 08:32:06
T01852,C015,P16,1,118750,KIRIM,2026-03-02 15:52:07,2026-03-02 15:52:12
T01853,C030,P04,2,19950,kirim,2026-03-02 15:32:01,2026-03-02 15:32:33
T01854,C052,P01,1,30400,Bayar,2026-03-02 14:00:26,2026-03-02 14:01:16
T01855,C036,P16,2,125000, Bayar,2026-03-02 13:58:43,2026-03-02 13:58:48
T01856,C093,P06,1,189000, Bayar,2026-03-02 13:41:59,2026-03-02 13:42:23
T01857,C028,P19,1,66750,Bayar,2026-03-02 14:06:11,2026-03-02 14:06:58
T01858,C022,P16,1,125000,bayar,2026-03-02 15:18:46,2026-03-02 15:18:55
T01859,C040,P16,1,125000,BAYAR ,2026-03-02 08:52:28,2026-03-02 08:53:11
T01860,C052,P20,1,322500,kirim,2026-03-02 11:40:22,2026-03-02 11:40:59
T01861,C024,P16,1,106250,batal,2026-03-02 10:06:20,2026-03-02 10:06:59
T01862,C054,P19,1,89000, kirim ,2026-03-02 12:49:40,2026-03-02 12:50:11
T01863,C049,P10,1,285000,kirim,2026-03-02 09:50:52,2026-03-02 09:50:58
T01864,C006,P19,1,89000, Bayar,2026-03-02 13:47:51,2026-03-02 13:48:06
T01865,C059,P16,0,118750,Bayar,2026-03-02 15:21:01,2026-03-02 15:21:20
T01865,C059,P16,0,118750,Bayar,2026-03-02 15:21:01,2026-03-02 15:21:20
T01866,C086,P14,2,232500,Bayar,2026-03-02 13:06:31,2026-03-02 13:06:51
T01867,C026,P15,1,220500,Bayar,2026-03-02 10:49:02,2026-03-02 10:51:33
T01868,C090,P11,1,720000,bayar,2026-03-02 08:18:02,2026-03-02 08:18:18
T01869,C057,P09,1,288000,batal,2026-03-02 13:08:35,2026-03-02 13:08:47
T01870,C093,P11,1,648000, Bayar,2026-03-02 09:52:26,2026-03-02 09:52:50
T01871,C011,P15,2,232750, Bayar,2026-03-02 11:45:50,2026-03-02 11:46:18
T01872,C043,P10,2,270750,BAYAR ,2026-03-02 11:46:04,2026-03-02 11:46:20
T01873,C073,P03,3,38000,BAYAR ,2026-03-02 15:12:22,2026-03-02 15:23:48
T01874,C035,P09,2,304000,bayar,2026-03-02 10:30:37,2026-03-02 10:30:56
T01875,C065,P18,1,146250,BAYAR ,2026-03-02 09:33:34,2026-03-02 09:33:38
T01876,C035,P18,1,195000,bayar,2026-03-02 13:50:54,2026-03-02 13:51:28
T01877,C062,P19,2,66750, Bayar,2026-03-02 12:03:19,2026-03-02 12:04:04
T01878,C048,P12,0,1250000,kirim,2026-03-02 09:45:14,2026-03-02 09:46:00
T01879,C009,P09,1,320000,bayar,2026-03-02 13:09:29,2026-03-02 13:09:49
T01880,C060,P12,1,1062500, Bayar,2026-03-02 08:58:14,2026-03-02 08:58:22
T01881,C061,P07,3,225250,kirim,2026-03-02 11:00:38,2026-03-02 11:01:19
T01882,C034,P03,1,32300,Bayar,2026-03-02 10:22:35,2026-03-02 10:23:11
T01883,C024,P18,1,165750,BAYAR ,2026-03-02 13:00:46,2026-03-02 13:01:00
T01884,,P02,1,78000,bayar,2026-03-02 15:48:34,2026-03-02 15:48:54
T01885,C085,P19,1,89000,kirim,2026-03-02 11:47:01,2026-03-02 11:47:46
T01886,C036,P11,1,720000,BAYAR ,2026-03-02 14:28:10,2026-03-02 14:28:20
T01887,C025,P16,3,118750,BAYAR ,2026-03-02 11:59:17,2026-03-02 12:01:22
T01888,C007,P08,1,521550,Bayar,2026-03-02 12:53:02,2026-03-02 12:53:56
T01889,C026,P11,0,720000,BAYAR ,2026-03-02 14:38:35,2026-03-02 14:52:31
T01890,C002,P13,1,385000,BAYAR ,2026-03-02 13:13:16,2026-03-02 13:50:37
T01891,C059,P03,1,38000,Batal,2026-03-02 14:40:53,2026-03-02 14:41:36
T01892,C032,P16,2,125000,kirim,2026-03-02 13:32:57,2026-03-02 13:33:46
T01893,C095,P02,1,74100,Batal,2026-03-02 08:42:43,2026-03-02 09:00:40
T01893,C095,P02,1,74100,Batal,2026-03-02 08:42:43,2026-03-02 09:00:40
T01894,C017,P09,1,240000,bayar,2026-03-02 14:31:26,2026-03-02 14:45:57
T01895,C085,P01,2,30400,batal,2026-03-02 08:49:37,2026-03-02 08:49:48
T01896,C100,P14,3,232500,Bayar,2026-03-02 15:34:00,2026-03-02 15:34:35
T01897,C024,P04,3,21000,Batal,2026-03-02 13:39:51,2026-03-02 13:40:30
T01898,C061,P18,1,175500, kirim ,2026-03-02 15:56:26,2026-03-02 16:00:03
T01899,C089,P05,1,63750,Batal,2026-03-02 10:52:56,2026-03-02 10:53:48
T01900,C074,P05,2,75000,BAYAR ,2026-03-02 10:15:06,2026-03-02 10:15:47
T01901,C090,P02,1,66300,bayar,2026-03-02 09:05:06,2026-03-02 09:05:39
T01902,C005,P03,2,38000,BAYAR ,2026-03-02 12:08:10,2026-03-02 12:17:26
T01903,C041,P20,2,430000,Bayar,2026-03-02 13:37:06,2026-03-02 13:37:29
T01904,C059,P16,1,125000, Bayar,2026-03-02 11:31:47,2026-03-02 11:32:03
T01905,C034,P04,1,17850,BAYAR ,2026-03-02 11:25:10,2026-03-02 11:25:54
T01906,C038,P01,1,24000,bayar,2026-03-02 14:18:07,2026-03-02 14:18:20
T01907,C060,P16,1,125000,bayar,2026-03-02 12:37:44,2026-03-02 12:38:06
T01908,C099,P13,2,385000,Bayar,2026-03-02 14:58:18,2026-03-02 14:58:41
T01909,C077,P06,2,160650,BAYAR ,2026-03-02 11:36:57,2026-03-02 11:37:40
T01910,C046,P16,1,125000,Bayar,2026-03-02 12:18:57,2026-03-02 12:19:08
T01911,C084,P18,1,195000,BAYAR ,2026-03-02 08:45:43,2026-03-02 08:46:22
T01912,C006,P11,1,648000, Bayar,2026-03-02 15:52:14,2026-03-02 16:20:21
T01913,C020,P13,1,385000, kirim ,2026-03-02 10:07:01,2026-03-02 10:07:31
T01914,C034,P06,1,189000, Bayar,2026-03-02 08:23:20,2026-03-02 08:23:25
T01915,C006,P04,1,21000, kirim ,2026-03-02 10:01:48,2026-03-02 10:02:37
T01916,C023,P03,2,34200,Batal,2026-03-02 09:36:32,2026-03-02 09:39:08
T01917,C070,P04,1,15750,KIRIM,2026-03-02 14:28:25,2026-03-02 14:28:35
T01917,C070,P04,1,15750,KIRIM,2026-03-02 14:28:25,2026-03-02 14:28:35
T01918,C008,P19,1,84550,BAYAR ,2026-03-02 08:59:55,2026-03-02 09:00:12
T01919,C064,P02,1,58500,batal,2026-03-02 15:13:57,2026-03-02 15:14:34
T01920,C100,P13,2,327250, kirim ,2026-03-02 13:48:19,2026-03-02 13:48:45
T01921,C019,P06,0,189000,batal,2026-03-02 09:01:03,2026-03-02 09:01:49
T01922,C015,P06,1,141750, kirim ,2026-03-02 13:34:05,2026-03-02 13:34:19
T01923,C098,P04,1,19950,bayar,2026-03-02 08:49:10,2026-03-02 08:49:50
T01924,C056,P07,1,265000,BAYAR ,2026-03-02 09:00:33,2026-03-02 09:00:35
T01925,C070,P12,1,1250000,bayar,2026-03-02 09:47:25,2026-03-02 09:48:00
T01926,C071,P06,2,170100,batal,2026-03-02 10:27:32,2026-03-02 10:28:06
T01927,C008,P20,1,365500, kirim ,2026-03-02 09:33:20,2026-03-02 09:33:57
T01928,C023,P15,2,245000, kirim ,2026-03-02 14:53:01,2026-03-02 14:53:17
T01929,C011,P07,1,265000,Batal,2026-03-02 09:57:08,2026-03-02 09:57:35
T01930,C010,P08,1,549000,BAYAR ,2026-03-02 11:57:03,2026-03-02 11:57:53
T01931,C029,P05,1,75000,Bayar,2026-03-02 08:54:08,2026-03-02 08:55:03
T01932,C095,P03,3,38000,Batal,2026-03-02 12:48:33,2026-03-02 12:49:19
T01933,C093,P13,1,385000,kirim,2026-03-02 08:51:52,2026-03-02 08:52:20
T01934,C099,P17,1,165000,Bayar,2026-03-02 08:54:51,2026-03-02 09:09:43
T01935,C076,P04,1,21000, Bayar,2026-03-02 12:11:34,2026-03-02 12:24:25
T01936,C049,P01,1,27200, kirim ,2026-03-02 14:31:08,2026-03-02 14:31:18
T01937,C027,P12,1,1250000, Bayar,2026-03-02 13:13:53,2026-03-02 13:14:02
T01938,C039,P14,2,310000,Bayar,2026-03-02 13:43:07,2026-03-02 13:43:56
T01939,C057,P20,0,365500,Bayar,2026-03-02 11:45:00,2026-03-02 11:45:20
T01940,C072,P20,1,408500,Bayar,2026-03-02 12:09:44,2026-03-02 12:10:28
T01941,C015,P07,1,265000,KIRIM,2026-03-02 15:18:23,2026-03-02 15:18:56
T01942,C069,P11,1,612000, Bayar,2026-03-02 09:52:38,2026-03-02 09:53:16
T01943,C085,P09,1,272000,bayar,2026-03-02 10:38:23,2026-03-02 10:39:14
T01944,C052,P02,1,78000,bayar,2026-03-02 09:29:34,2026-03-02 09:30:04
T01945,C029,P18,1,195000,bayar,2026-03-02 15:35:14,2026-03-02 15:35:48
T01946,C034,P18,2,195000, kirim ,2026-03-02 13:00:57,2026-03-02 13:01:36
T01947,C002,P08,1,549000,kirim,2026-03-02 08:07:57,2026-03-02 08:08:26
T01948,C083,P13,1,346500,Bayar,2026-03-02 08:55:36,2026-03-02 08:56:26
T01949,C038,P19,1,89000, kirim ,2026-03-02 09:44:37,2026-03-02 09:45:12
T01950,C083,P01,2,32000,bayar,2026-03-02 13:56:58,2026-03-02 13:57:29
T01951,C038,P12,1,1187500,BAYAR ,2026-03-02 14:15:42,2026-03-02 14:15:57
T01952,C072,P13,2,327250,Batal,2026-03-02 12:24:18,2026-03-02 12:24:40
T01953,C045,P13,1,327250,Bayar,2026-03-02 09:17:25,2026-03-02 09:17:34
T01954,C002,P06,1,189000, Bayar,2026-03-02 09:40:37,2026-03-02 09:58:42
T01954,C002,P06,1,189000, Bayar,2026-03-02 09:40:37,2026-03-02 09:58:42
T01955,C037,P16,1,112500, Bayar,2026-03-02 10:47:49,2026-03-02 10:48:14
T01956,C069,P11,1,720000,KIRIM,2026-03-02 09:33:14,2026-03-02 09:34:07
T01957,C090,P10,2,285000,bayar,2026-03-02 11:01:52,2026-03-02 11:02:06
T01958,C100,P06,1,189000,Batal,2026-03-02 08:49:55,2026-03-02 09:06:04
T01959,C045,P09,1,288000, Bayar,2026-03-02 12:52:45,2026-03-02 12:53:32
T01960,C041,P10,1,285000, Bayar,2026-03-02 09:33:00,2026-03-02 09:33:23
T01961,C082,P15,1,232750,bayar,2026-03-02 08:36:21,2026-03-02 08:36:25
T01962,C046,P09,2,304000,KIRIM,2026-03-02 12:17:33,2026-03-02 12:17:57
T01963,C046,P10,1,213750,BAYAR ,2026-03-02 09:01:14,2026-03-02 09:02:09
T01964,C069,P20,1,430000,bayar,2026-03-02 09:50:57,2026-03-02 09:51:12
T01965,C077,P03,3,32300,kirim,2026-03-02 14:15:56,2026-03-02 14:16:49
T01966,C023,P06,1,141750,pending,2026-03-02 15:23:30,2026-03-02 15:25:39
T01967,C053,P03,1,38000,KIRIM,2026-03-02 10:51:11,2026-03-02 10:51:40
T01968,C046,P17,1,123750,kirim,2026-03-02 08:27:18,2026-03-02 08:27:55
T01969,C021,P16,1,106250, kirim ,2026-03-02 08:47:51,2026-03-02 08:48:20
T01970,C074,P08,1,466650,Bayar,2026-03-02 09:54:38,2026-03-02 09:54:47
T01971,C089,P02,1,78000, kirim ,2026-03-02 13:32:55,2026-03-02 13:33:33
T01972,C088,P08,2,549000,kirim,2026-03-02 13:15:21,2026-03-02 13:15:36
T01973,C038,P14,1,294500,Bayar,2026-03-02 14:02:23,2026-03-02 14:02:42
T01974,C043,P18,1,175500,batal,2026-03-02 15:58:52,2026-03-02 15:59:42
T01975,C075,P19,1,89000,BAYAR ,2026-03-02 08:28:02,2026-03-02 08:28:07
T01976,C043,P20,2,408500, Bayar,2026-03-02 15:49:36,2026-03-02 15:49:42
T01977,C021,P09,1,272000,bayar,2026-03-02 15:14:04,2026-03-02 15:22:19
T01978,C069,P01,1,32000, kirim ,2026-03-02 09:54:38,2026-03-02 09:55:00
T01979,C044,P16,1,125000,batal,2026-03-02 15:35:38,2026-03-02 15:35:56
T01980,C055,P19,3,89000,BAYAR ,2026-03-02 08:25:39,2026-03-02 08:25:49
T01981,C093,P11,1,720000, Bayar,2026-03-02 14:46:36,2026-03-02 14:47:25
T01982,C075,P01,1,32000,BAYAR ,2026-03-02 14:47:29,2026-03-02 14:47:37
T01983,C032,P10,2,285000,bayar,2026-03-02 09:13:24,2026-03-02 09:13:45
T01984,C006,P18,1,195000,kirim,2026-03-02 15:15:35,2026-03-02 15:16:08
T01985,C068,P07,1,225250,Batal,2026-03-02 11:38:42,2026-03-02 11:39:04
T01986,C073,P07,1,238500,BAYAR ,2026-03-02 14:16:56,2026-03-02 14:17:43
T01987,C097,P01,2,27200,batal,2026-03-02 13:42:13,2026-03-02 13:42:34
T01988,C050,P15,2,245000,Bayar,2026-03-02 14:03:32,2026-03-02 14:04:14
T01989,C087,P04,1,21000,BAYAR ,2026-03-02 08:55:18,2026-03-02 08:55:34
T01990,C099,P01,1,27200,bayar,2026-03-02 15:47:05,2026-03-02 15:47:44
T01991,C009,P06,0,160650,bayar,2026-03-02 12:44:39,2026-03-02 12:45:31
T01992,C082,P15,2,208250, Bayar,2026-03-02 10:56:34,2026-03-02 10:56:48
T01993,C018,P04,1,21000,bayar,2026-03-02 08:20:27,2026-03-02 08:21:03
T01994,C014,P07,1,251750, Bayar,2026-03-02 11:50:35,2026-03-02 11:51:30
T01995,C003,P19,1,89000,Bayar,2026-03-02 10:05:33,2026-03-02 10:06:24
T01996,C023,P20,1,408500,Bayar,2026-03-02 13:42:15,2026-03-02 13:57:18
T01997,C099,P12,1,937500,kirim,2026-03-02 09:01:06,2026-03-02 09:06:08
T01998,C072,P09,3,320000,KIRIM,2026-03-02 09:47:20,2026-03-02 09:47:48
T01999,C098,P02,1,78000,Bayar,2026-03-02 09:50:55,2026-03-02 09:51:09
T02000,C001,P01,1,352000,bayar,2026-03-02 12:39:36,2026-03-02 12:39:51
